<?xml version="1.0" encoding="UTF-8" standalone="yes" ?>
<cp:coreProperties xmlns:cp="http://schemas.openxmlformats.org/package/2006/metadata/core-properties" xmlns:dc="http://purl.org/dc/elements/1.1/" xmlns:dcmitype="http://purl.org/dc/dcmitype/" xmlns:dcterms="http://purl.org/dc/terms/" xmlns:xsi="http://www.w3.org/2001/XMLSchema-instance">
  <cp:category>model</cp:category>
  <dcterms:created xsi:type="dcterms:W3CDTF">2025-02-26T15:23:09Z</dcterms:created>
  <dc:creator>jelho</dc:creator>
  <cp:lastModifiedBy>jelho</cp:lastModifiedBy>
  <dcterms:modified xsi:type="dcterms:W3CDTF">2025-03-05T18:42:14Z</dcterms:modified>
  <cp:revision>1.11</cp:revision>
  <cp:version>R2023b</cp:version>
</cp:coreProperties>
