<?xml version="1.0" encoding="utf-8"?>
<System>
  <P Name="Location">[-1, -8, 1921, 1041]</P>
  <P Name="Open">on</P>
  <P Name="ZoomFactor">125</P>
  <Block BlockType="Inport" Name="delta_e" SID="181">
    <P Name="Position">[-190, 423, -160, 437]</P>
    <P Name="ZOrder">327</P>
  </Block>
  <Block BlockType="Inport" Name="delta_a" SID="182">
    <P Name="Position">[-185, 473, -155, 487]</P>
    <P Name="ZOrder">328</P>
    <P Name="Port">2</P>
  </Block>
  <Block BlockType="Inport" Name="delta_r" SID="183">
    <P Name="Position">[-185, 523, -155, 537]</P>
    <P Name="ZOrder">329</P>
    <P Name="Port">3</P>
  </Block>
  <Block BlockType="Inport" Name="Tcom" SID="184">
    <P Name="Position">[-185, 573, -155, 587]</P>
    <P Name="ZOrder">330</P>
    <P Name="Port">4</P>
  </Block>
  <Block BlockType="Reference" Name="6DOF (Euler Angles)" SID="330">
    <PortCounts in="2" out="8"/>
    <P Name="Position">[440, 43, 675, 342]</P>
    <P Name="ZOrder">419</P>
    <P Name="LibrarySourceBlock">aerolib6dof2/6DOF (Euler Angles)</P>
    <P Name="LibraryVersion">9.0</P>
    <P Name="SourceBlock">shared6dof/6DOF (Euler Angles)</P>
    <P Name="SourceType">6DOF EoM (Body Axis)</P>
    <InstanceData>
      <P Name="RTWMemSecFuncInitTerm">Inherit from model</P>
      <P Name="RTWMemSecFuncExecute">Inherit from model</P>
      <P Name="RTWMemSecDataConstants">Inherit from model</P>
      <P Name="RTWMemSecDataInternal">Inherit from model</P>
      <P Name="RTWMemSecDataParameters">Inherit from model</P>
      <P Name="ContentPreviewEnabled">on</P>
      <P Name="units">Metric (MKS)</P>
      <P Name="mtype">Fixed</P>
      <P Name="rep">Euler Angles</P>
      <P Name="xme_0">[0, 0, 100]</P>
      <P Name="Vm_0">reference.iv</P>
      <P Name="eul_0">reference.io</P>
      <P Name="pm_0">reference.iav</P>
      <P Name="mass_0">reference.m</P>
      <P Name="mass_e">0.5</P>
      <P Name="mass_f">2.0</P>
      <P Name="inertia">reference.I</P>
      <P Name="inertia_e">eye(3)</P>
      <P Name="inertia_f">2*eye(3)</P>
      <P Name="k_quat">1.0</P>
      <P Name="vre_flag">on</P>
      <P Name="abi_flag">off</P>
      <P Name="aMode">0</P>
      <P Name="xme_statename"> {&apos;Xe&apos;, &apos;Ye&apos;, &apos;Ze&apos;}</P>
      <P Name="Vm_statename">{&apos;u&apos;, &apos;v&apos;, &apos;w&apos;}</P>
      <P Name="eul_statename"> {&apos;phi&apos;, &apos;theta&apos;, &apos;psi&apos;}</P>
      <P Name="quat_statename">&apos;&apos;</P>
      <P Name="pm_statename">{&apos;p&apos;, &apos;q&apos;, &apos;r&apos;}</P>
      <P Name="mass_statename">&apos;&apos;</P>
    </InstanceData>
  </Block>
  <Block BlockType="Abs" Name="Abs" SID="66">
    <P Name="Position">[1075, 830, 1105, 860]</P>
    <P Name="ZOrder">67</P>
    <P Name="SaturateOnIntegerOverflow">off</P>
  </Block>
  <Block BlockType="SubSystem" Name="Aerodynamics" SID="136">
    <PortCounts in="1" out="2"/>
    <P Name="Position">[1030, 534, 1215, 616]</P>
    <P Name="ZOrder">298</P>
    <P Name="ContentPreviewEnabled">on</P>
    <PortProperties>
      <Port Type="out" Index="1">
        <P Name="PropagatedSignals">FA</P>
      </Port>
      <Port Type="out" Index="2">
        <P Name="PropagatedSignals">MA</P>
      </Port>
    </PortProperties>
    <System Ref="system_136"/>
  </Block>
  <Block BlockType="Constant" Name="Constant" SID="337">
    <P Name="Position">[20, 545, 90, 580]</P>
    <P Name="ZOrder">425</P>
    <P Name="BlockRotation">270</P>
    <P Name="NameLocation">right</P>
    <P Name="Commented">on</P>
    <P Name="Value">reference.ctrl</P>
  </Block>
  <Block BlockType="Demux" Name="Demux" SID="279">
    <PortCounts in="1" out="4"/>
    <P Name="Position">[175, 408, 180, 602]</P>
    <P Name="ZOrder">380</P>
  </Block>
  <Block BlockType="Derivative" Name="Derivative" SID="89">
    <P Name="Position">[1265, 60, 1295, 90]</P>
    <P Name="ZOrder">89</P>
  </Block>
  <Block BlockType="Derivative" Name="Derivative2" SID="281">
    <P Name="Position">[1075, 35, 1105, 65]</P>
    <P Name="ZOrder">382</P>
  </Block>
  <Block BlockType="Display" Name="Display" SID="348">
    <PortCounts in="1"/>
    <P Name="Position">[1375, 405, 1465, 485]</P>
    <P Name="ZOrder">429</P>
    <P Name="Decimation">1</P>
  </Block>
  <Block BlockType="Reference" Name="FlightGear&#xA;Preconfigured&#xA;6DoF Animation" SID="313">
    <PortCounts in="1"/>
    <P Name="Position">[1415, 1038, 1500, 1122]</P>
    <P Name="ZOrder">405</P>
    <P Name="LibraryVersion">7.0</P>
    <P Name="SourceBlock">aerolibfltsims/FlightGear
Preconfigured
6DoF Animation</P>
    <P Name="SourceType">FlightGearQuick6DoFAnimation</P>
    <InstanceData>
      <P Name="RTWMemSecFuncInitTerm">Inherit from model</P>
      <P Name="RTWMemSecFuncExecute">Inherit from model</P>
      <P Name="RTWMemSecDataConstants">Inherit from model</P>
      <P Name="RTWMemSecDataInternal">Inherit from model</P>
      <P Name="RTWMemSecDataParameters">Inherit from model</P>
      <P Name="ContentPreviewEnabled">on</P>
      <P Name="xFlightGearVersion">v2019.1</P>
      <P Name="DestinationIpAddress">127.0.0.1</P>
      <P Name="DestinationPort">5502</P>
      <P Name="SampleTime">1/30</P>
      <P Name="packetVersion">24</P>
    </InstanceData>
  </Block>
  <Block BlockType="From" Name="From" SID="42">
    <P Name="Position">[330, 106, 380, 134]</P>
    <P Name="ZOrder">42</P>
    <P Name="GotoTag">Force</P>
  </Block>
  <Block BlockType="From" Name="From1" SID="43">
    <P Name="Position">[325, 256, 390, 284]</P>
    <P Name="ZOrder">43</P>
    <P Name="GotoTag">Moment</P>
  </Block>
  <Block BlockType="From" Name="From10" SID="266">
    <P Name="Position">[410, 416, 450, 444]</P>
    <P Name="ZOrder">367</P>
    <P Name="GotoTag">Va</P>
  </Block>
  <Block BlockType="From" Name="From11" SID="267">
    <P Name="Position">[1175, 241, 1215, 269]</P>
    <P Name="ZOrder">368</P>
    <P Name="GotoTag">rho</P>
  </Block>
  <Block BlockType="From" Name="From12" SID="316">
    <P Name="Position">[880, 1028, 960, 1062]</P>
    <P Name="ZOrder">408</P>
    <P Name="GotoTag">Xe</P>
  </Block>
  <Block BlockType="From" Name="From13" SID="99">
    <P Name="Position">[410, 686, 460, 714]</P>
    <P Name="ZOrder">99</P>
    <P Name="GotoTag">delta_e</P>
  </Block>
  <Block BlockType="From" Name="From14" SID="100">
    <P Name="Position">[410, 731, 455, 759]</P>
    <P Name="ZOrder">100</P>
    <P Name="GotoTag">delta_a</P>
  </Block>
  <Block BlockType="From" Name="From15" SID="101">
    <P Name="Position">[410, 776, 455, 804]</P>
    <P Name="ZOrder">101</P>
    <P Name="GotoTag">delta_r</P>
  </Block>
  <Block BlockType="From" Name="From16" SID="110">
    <P Name="Position">[930, 561, 990, 589]</P>
    <P Name="ZOrder">110</P>
    <P Name="GotoTag">XAero</P>
  </Block>
  <Block BlockType="From" Name="From17" SID="115">
    <P Name="Position">[410, 861, 450, 889]</P>
    <P Name="ZOrder">115</P>
    <P Name="GotoTag">Tcom</P>
  </Block>
  <Block BlockType="From" Name="From18" SID="116">
    <P Name="Position">[410, 896, 450, 924]</P>
    <P Name="ZOrder">116</P>
    <P Name="GotoTag">M</P>
  </Block>
  <Block BlockType="From" Name="From19" SID="117">
    <P Name="Position">[410, 931, 450, 959]</P>
    <P Name="ZOrder">117</P>
    <P Name="GotoTag">h</P>
  </Block>
  <Block BlockType="From" Name="From2" SID="64">
    <P Name="Position">[900, 831, 965, 859]</P>
    <P Name="ZOrder">65</P>
    <P Name="GotoTag">Xe</P>
  </Block>
  <Block BlockType="From" Name="From20" SID="120">
    <P Name="Position">[930, 691, 990, 719]</P>
    <P Name="ZOrder">121</P>
    <P Name="GotoTag">Xthrust</P>
  </Block>
  <Block BlockType="From" Name="From21" SID="132">
    <P Name="Position">[935, 441, 985, 469]</P>
    <P Name="ZOrder">294</P>
    <P Name="GotoTag">DCM</P>
  </Block>
  <Block BlockType="From" Name="From22" SID="148">
    <P Name="Position">[885, 131, 925, 159]</P>
    <P Name="ZOrder">302</P>
    <P Name="GotoTag">uvw</P>
  </Block>
  <Block BlockType="From" Name="From23" SID="169">
    <P Name="Position">[1540, 91, 1600, 119]</P>
    <P Name="ZOrder">316</P>
    <P Name="GotoTag">e1e2e3</P>
  </Block>
  <Block BlockType="From" Name="From24" SID="170">
    <P Name="Position">[1540, 201, 1600, 229]</P>
    <P Name="ZOrder">317</P>
    <P Name="GotoTag">uvw</P>
  </Block>
  <Block BlockType="From" Name="From25" SID="171">
    <P Name="Position">[1540, 311, 1600, 339]</P>
    <P Name="ZOrder">318</P>
    <P Name="GotoTag">PQR</P>
  </Block>
  <Block BlockType="From" Name="From26" SID="172">
    <P Name="Position">[1540, 421, 1600, 449]</P>
    <P Name="ZOrder">319</P>
    <P Name="GotoTag">Xe</P>
  </Block>
  <Block BlockType="From" Name="From27" SID="173">
    <P Name="Position">[1540, 531, 1600, 559]</P>
    <P Name="ZOrder">320</P>
    <P Name="GotoTag">M</P>
  </Block>
  <Block BlockType="From" Name="From28" SID="174">
    <P Name="Position">[1540, 641, 1600, 669]</P>
    <P Name="ZOrder">321</P>
    <P Name="GotoTag">alpha</P>
  </Block>
  <Block BlockType="From" Name="From29" SID="175">
    <P Name="Position">[1540, 751, 1600, 779]</P>
    <P Name="ZOrder">322</P>
    <P Name="GotoTag">beta</P>
  </Block>
  <Block BlockType="From" Name="From3" SID="81">
    <P Name="Position">[410, 461, 460, 489]</P>
    <P Name="ZOrder">81</P>
    <P Name="GotoTag">alpha</P>
  </Block>
  <Block BlockType="From" Name="From30" SID="179">
    <P Name="Position">[1545, 861, 1600, 889]</P>
    <P Name="ZOrder">326</P>
    <P Name="GotoTag">Va</P>
  </Block>
  <Block BlockType="From" Name="From31" SID="322">
    <P Name="Position">[880, 1101, 945, 1129]</P>
    <P Name="ZOrder">414</P>
    <P Name="GotoTag">e1e2e3</P>
  </Block>
  <Block BlockType="From" Name="From4" SID="74">
    <P Name="Position">[985, 316, 1025, 344]</P>
    <P Name="ZOrder">75</P>
    <P Name="GotoTag">a</P>
  </Block>
  <Block BlockType="From" Name="From5" SID="84">
    <P Name="Position">[410, 506, 450, 534]</P>
    <P Name="ZOrder">84</P>
    <P Name="GotoTag">beta</P>
  </Block>
  <Block BlockType="From" Name="From6" SID="284">
    <P Name="Position">[410, 641, 460, 669]</P>
    <P Name="ZOrder">385</P>
    <P Name="GotoTag">udot</P>
  </Block>
  <Block BlockType="From" Name="From7" SID="297">
    <P Name="Position">[410, 821, 450, 849]</P>
    <P Name="ZOrder">394</P>
    <P Name="GotoTag">Q</P>
  </Block>
  <Block BlockType="From" Name="From8" SID="88">
    <P Name="Position">[410, 551, 450, 579]</P>
    <P Name="ZOrder">88</P>
    <P Name="GotoTag">PQR</P>
  </Block>
  <Block BlockType="From" Name="From9" SID="92">
    <P Name="Position">[410, 596, 490, 624]</P>
    <P Name="ZOrder">92</P>
    <P Name="GotoTag">alpha_dot</P>
  </Block>
  <Block BlockType="Gain" Name="Gain" SID="347">
    <P Name="Position">[1375, 235, 1405, 265]</P>
    <P Name="ZOrder">428</P>
    <P Name="Gain">0.5</P>
  </Block>
  <Block BlockType="Reference" Name="Generate&#xA;Run Script" SID="314">
    <PortCounts/>
    <P Name="Position">[1435, 1192, 1475, 1242]</P>
    <P Name="ZOrder">417</P>
    <P Name="BackgroundColor">lightBlue</P>
    <P Name="LibraryVersion">7.0</P>
    <P Name="SourceBlock">aerolibfltsims/Generate
Run Script</P>
    <P Name="SourceType">Generate FlightGear Run Script</P>
    <InstanceData>
      <P Name="RTWMemSecFuncInitTerm">Inherit from model</P>
      <P Name="RTWMemSecFuncExecute">Inherit from model</P>
      <P Name="RTWMemSecDataConstants">Inherit from model</P>
      <P Name="RTWMemSecDataInternal">Inherit from model</P>
      <P Name="RTWMemSecDataParameters">Inherit from model</P>
      <P Name="ContentPreviewEnabled">on</P>
      <P Name="Architecture">Win64</P>
      <P Name="dataFlow">Send</P>
      <P Name="GeometryModelName">c172p</P>
      <P Name="AirportId">KSFO</P>
      <P Name="RunwayId">10L</P>
      <P Name="InitialAltitude">convlength(reference.h, &apos;m&apos;, &apos;ft&apos;)</P>
      <P Name="InitialHeading">0</P>
      <P Name="OffsetDistance">0</P>
      <P Name="OffsetAzimuth">0</P>
      <P Name="InstallScenery">off</P>
      <P Name="DisableShaders">on</P>
      <P Name="OriginAddress">127.0.0.1</P>
      <P Name="DestinationPort">5502</P>
      <P Name="OriginPort">5505</P>
      <P Name="LocalAddress">127.0.0.1</P>
      <P Name="OutputFileName">runfg.bat</P>
      <P Name="FlightGearBaseDirectory">C:\Program Files\FlightGear 2020.3</P>
    </InstanceData>
  </Block>
  <Block BlockType="Goto" Name="Goto" SID="39">
    <P Name="Position">[1435, 552, 1475, 578]</P>
    <P Name="ZOrder">39</P>
    <P Name="GotoTag">Force</P>
  </Block>
  <Block BlockType="Goto" Name="Goto1" SID="40">
    <P Name="Position">[1405, 582, 1475, 608]</P>
    <P Name="ZOrder">40</P>
    <P Name="GotoTag">Moment</P>
  </Block>
  <Block BlockType="Goto" Name="Goto11" SID="96">
    <P Name="Position">[750, 230, 795, 260]</P>
    <P Name="ZOrder">96</P>
    <P Name="GotoTag">PQR</P>
  </Block>
  <Block BlockType="Goto" Name="Goto12" SID="102">
    <P Name="Position">[1155, 905, 1195, 935]</P>
    <P Name="ZOrder">102</P>
    <P Name="GotoTag">h</P>
  </Block>
  <Block BlockType="Goto" Name="Goto13" SID="103">
    <P Name="Position">[730, 620, 790, 650]</P>
    <P Name="ZOrder">360</P>
    <P Name="GotoTag">XAero</P>
  </Block>
  <Block BlockType="Goto" Name="Goto14" SID="105">
    <P Name="Position">[215, 415, 270, 445]</P>
    <P Name="ZOrder">105</P>
    <P Name="GotoTag">delta_e</P>
  </Block>
  <Block BlockType="Goto" Name="Goto15" SID="107">
    <P Name="Position">[215, 465, 270, 495]</P>
    <P Name="ZOrder">107</P>
    <P Name="GotoTag">delta_a</P>
  </Block>
  <Block BlockType="Goto" Name="Goto16" SID="109">
    <P Name="Position">[215, 515, 270, 545]</P>
    <P Name="ZOrder">109</P>
    <P Name="GotoTag">delta_r</P>
  </Block>
  <Block BlockType="Goto" Name="Goto17" SID="111">
    <P Name="Position">[745, 125, 795, 155]</P>
    <P Name="ZOrder">111</P>
    <P Name="GotoTag">e1e2e3</P>
  </Block>
  <Block BlockType="Goto" Name="Goto18" SID="270">
    <P Name="Position">[1425, 235, 1465, 265]</P>
    <P Name="ZOrder">371</P>
    <P Name="GotoTag">Q</P>
  </Block>
  <Block BlockType="Goto" Name="Goto19" SID="119">
    <P Name="Position">[735, 895, 790, 925]</P>
    <P Name="ZOrder">119</P>
    <P Name="GotoTag">Xthrust</P>
  </Block>
  <Block BlockType="Goto" Name="Goto2" SID="63">
    <P Name="Position">[750, 90, 795, 120]</P>
    <P Name="ZOrder">64</P>
    <P Name="GotoTag">Xe</P>
  </Block>
  <Block BlockType="Goto" Name="Goto20" SID="122">
    <P Name="Position">[215, 565, 270, 595]</P>
    <P Name="ZOrder">123</P>
    <P Name="GotoTag">Tcom</P>
  </Block>
  <Block BlockType="Goto" Name="Goto21" SID="130">
    <P Name="Position">[755, 160, 795, 190]</P>
    <P Name="ZOrder">292</P>
    <P Name="GotoTag">DCM</P>
  </Block>
  <Block BlockType="Goto" Name="Goto22" SID="147">
    <P Name="Position">[755, 195, 795, 225]</P>
    <P Name="ZOrder">301</P>
    <P Name="GotoTag">uvw</P>
  </Block>
  <Block BlockType="Goto" Name="Goto23" SID="282">
    <P Name="Position">[1135, 35, 1175, 65]</P>
    <P Name="ZOrder">383</P>
    <P Name="GotoTag">udot</P>
  </Block>
  <Block BlockType="Goto" Name="Goto3" SID="71">
    <P Name="Position">[1410, 820, 1450, 850]</P>
    <P Name="ZOrder">72</P>
    <P Name="GotoTag">a</P>
  </Block>
  <Block BlockType="Goto" Name="Goto4" SID="72">
    <P Name="Position">[1330, 160, 1370, 190]</P>
    <P Name="ZOrder">73</P>
    <P Name="GotoTag">Va</P>
  </Block>
  <Block BlockType="Goto" Name="Goto5" SID="77">
    <P Name="Position">[1425, 300, 1465, 330]</P>
    <P Name="ZOrder">77</P>
    <P Name="GotoTag">M</P>
  </Block>
  <Block BlockType="Goto" Name="Goto6" SID="79">
    <P Name="Position">[1310, 100, 1370, 130]</P>
    <P Name="ZOrder">79</P>
    <P Name="GotoTag">alpha</P>
  </Block>
  <Block BlockType="Goto" Name="Goto7" SID="80">
    <P Name="Position">[1405, 130, 1445, 160]</P>
    <P Name="ZOrder">80</P>
    <P Name="GotoTag">beta</P>
  </Block>
  <Block BlockType="Goto" Name="Goto8" SID="85">
    <P Name="Position">[1410, 860, 1450, 890]</P>
    <P Name="ZOrder">85</P>
    <P Name="GotoTag">rho</P>
  </Block>
  <Block BlockType="Goto" Name="Goto9" SID="90">
    <P Name="Position">[1345, 60, 1435, 90]</P>
    <P Name="ZOrder">90</P>
    <P Name="GotoTag">alpha_dot</P>
  </Block>
  <Block BlockType="SubSystem" Name="Gravity" SID="144">
    <PortCounts in="1" out="1"/>
    <P Name="Position">[1025, 415, 1220, 495]</P>
    <P Name="ZOrder">300</P>
    <P Name="ContentPreviewEnabled">on</P>
    <System Ref="system_144"/>
  </Block>
  <Block BlockType="Reference" Name="ISA Atmosphere Model" SID="62">
    <PortCounts in="1" out="4"/>
    <P Name="Position">[1155, 803, 1310, 887]</P>
    <P Name="ZOrder">63</P>
    <P Name="LibraryVersion">10.7</P>
    <P Name="SourceBlock">aerolibatmos2/ISA Atmosphere Model</P>
    <P Name="SourceType">International Standard Atmosphere Model</P>
    <InstanceData>
      <P Name="RTWMemSecFuncInitTerm">Inherit from model</P>
      <P Name="RTWMemSecFuncExecute">Inherit from model</P>
      <P Name="RTWMemSecDataConstants">Inherit from model</P>
      <P Name="RTWMemSecDataInternal">Inherit from model</P>
      <P Name="RTWMemSecDataParameters">Inherit from model</P>
      <P Name="ContentPreviewEnabled">on</P>
      <P Name="useExtended">off</P>
      <P Name="action">Warning</P>
      <P Name="custom">off</P>
      <P Name="viscosityOut">off</P>
      <P Name="g">9.80665</P>
      <P Name="gamma">1.4</P>
      <P Name="R">287.053</P>
      <P Name="L">0.0065</P>
      <P Name="h_trop">11000</P>
      <P Name="h_strat">20000</P>
      <P Name="rho0">101325/(287.053*288.15)</P>
      <P Name="P0">101325</P>
      <P Name="T0">288.15</P>
      <P Name="h0">0</P>
    </InstanceData>
  </Block>
  <Block BlockType="Reference" Name="Incidence, Sideslip,&#xA;&amp; Airspeed" SID="57">
    <PortCounts in="1" out="3"/>
    <P Name="Position">[965, 100, 1045, 190]</P>
    <P Name="ZOrder">58</P>
    <P Name="LibraryVersion">9.0</P>
    <P Name="SourceBlock">aerolibasang/Incidence, Sideslip,
&amp; Airspeed</P>
    <P Name="SourceType">Incidence,Sideslip,&amp;Airspeed</P>
    <InstanceData>
      <P Name="RTWMemSecFuncInitTerm">Inherit from model</P>
      <P Name="RTWMemSecFuncExecute">Inherit from model</P>
      <P Name="RTWMemSecDataConstants">Inherit from model</P>
      <P Name="RTWMemSecDataInternal">Inherit from model</P>
      <P Name="RTWMemSecDataParameters">Inherit from model</P>
      <P Name="ContentPreviewEnabled">on</P>
    </InstanceData>
  </Block>
  <Block BlockType="SubSystem" Name="Logitech 3D Pro Redspot Joystick" SID="217">
    <PortCounts out="4"/>
    <P Name="Position">[-490, 430, -305, 640]</P>
    <P Name="ZOrder">351</P>
    <P Name="ContentPreviewEnabled">on</P>
    <PortProperties>
      <Port Type="out" Index="2">
        <P Name="PropagatedSignals">delta_e</P>
      </Port>
      <Port Type="out" Index="3">
        <P Name="PropagatedSignals">delta_r</P>
      </Port>
      <Port Type="out" Index="4">
        <P Name="PropagatedSignals">Tcom</P>
      </Port>
    </PortProperties>
    <System Ref="system_217"/>
  </Block>
  <Block BlockType="Reference" Name="Mach Number" SID="75">
    <PortCounts in="2" out="1"/>
    <P Name="Position">[1085, 287, 1135, 343]</P>
    <P Name="ZOrder">76</P>
    <P Name="LibraryVersion">9.0</P>
    <P Name="SourceBlock">aerolibasang/Mach Number</P>
    <P Name="SourceType">Mach Number</P>
    <InstanceData>
      <P Name="RTWMemSecFuncInitTerm">Inherit from model</P>
      <P Name="RTWMemSecFuncExecute">Inherit from model</P>
      <P Name="RTWMemSecDataConstants">Inherit from model</P>
      <P Name="RTWMemSecDataInternal">Inherit from model</P>
      <P Name="RTWMemSecDataParameters">Inherit from model</P>
      <P Name="ContentPreviewEnabled">on</P>
    </InstanceData>
  </Block>
  <Block BlockType="Mux" Name="Mux" SID="275">
    <PortCounts in="4" out="1"/>
    <P Name="Position">[-45, 406, -40, 604]</P>
    <P Name="ZOrder">376</P>
    <P Name="DisplayOption">bar</P>
  </Block>
  <Block BlockType="Mux" Name="Mux4" SID="94">
    <PortCounts in="10" out="1"/>
    <P Name="Position">[510, 409, 515, 856]</P>
    <P Name="ZOrder">94</P>
    <P Name="Inputs">10</P>
    <P Name="DisplayOption">bar</P>
  </Block>
  <Block BlockType="Mux" Name="Mux5" SID="118">
    <PortCounts in="3" out="1"/>
    <P Name="Position">[510, 856, 515, 964]</P>
    <P Name="ZOrder">118</P>
    <P Name="Inputs">3</P>
    <P Name="DisplayOption">bar</P>
  </Block>
  <Block BlockType="SubSystem" Name="Navigational Equations" SID="324">
    <PortCounts in="2" out="1"/>
    <P Name="Position">[1095, 1011, 1370, 1149]</P>
    <P Name="ZOrder">416</P>
    <P Name="ContentPreviewEnabled">on</P>
    <System Ref="system_324"/>
  </Block>
  <Block BlockType="Product" Name="Product" SID="269">
    <PortCounts in="2" out="1"/>
    <P Name="Position">[1325, 232, 1355, 263]</P>
    <P Name="ZOrder">370</P>
  </Block>
  <Block BlockType="Selector" Name="Selector" SID="65">
    <PortCounts in="1" out="1"/>
    <P Name="Position">[1000, 826, 1040, 864]</P>
    <P Name="ZOrder">66</P>
    <P Name="InputPortWidth">3</P>
    <P Name="IndexOptions">Index vector (dialog)</P>
    <P Name="Indices">[3]</P>
    <P Name="OutputSizes">1</P>
  </Block>
  <Block BlockType="Selector" Name="Selector1" SID="280">
    <PortCounts in="1" out="1"/>
    <P Name="Position">[995, 31, 1035, 69]</P>
    <P Name="ZOrder">381</P>
    <P Name="InputPortWidth">3</P>
    <P Name="IndexOptions">Index vector (dialog)</P>
    <P Name="Indices">[3]</P>
    <P Name="OutputSizes">1</P>
  </Block>
  <Block BlockType="Math" Name="Square" SID="268">
    <PortCounts in="1" out="1"/>
    <P Name="Position">[1235, 195, 1265, 225]</P>
    <P Name="ZOrder">369</P>
    <P Name="BlockRotation">270</P>
    <P Name="BlockMirror">on</P>
    <P Name="NameLocation">left</P>
    <P Name="Operator">square</P>
  </Block>
  <Block BlockType="Sum" Name="Sum" SID="37">
    <PortCounts in="2" out="1"/>
    <P Name="Position">[1355, 585, 1375, 605]</P>
    <P Name="ZOrder">37</P>
    <P Name="Inputs">|++</P>
  </Block>
  <Block BlockType="Sum" Name="Sum1" SID="38">
    <PortCounts in="3" out="1"/>
    <P Name="Position">[1355, 555, 1375, 575]</P>
    <P Name="ZOrder">38</P>
    <P Name="Inputs">+++|</P>
  </Block>
  <Block BlockType="Sum" Name="Sum2" SID="243">
    <PortCounts in="2" out="1"/>
    <P Name="Position">[-110, 420, -90, 440]</P>
    <P Name="ZOrder">352</P>
    <P Name="Inputs">|++</P>
  </Block>
  <Block BlockType="Sum" Name="Sum3" SID="244">
    <PortCounts in="2" out="1"/>
    <P Name="Position">[-110, 470, -90, 490]</P>
    <P Name="ZOrder">353</P>
    <P Name="Inputs">|++</P>
  </Block>
  <Block BlockType="Sum" Name="Sum4" SID="245">
    <PortCounts in="2" out="1"/>
    <P Name="Position">[-110, 520, -90, 540]</P>
    <P Name="ZOrder">354</P>
    <P Name="Inputs">|++</P>
  </Block>
  <Block BlockType="Sum" Name="Sum5" SID="246">
    <PortCounts in="2" out="1"/>
    <P Name="Position">[-110, 570, -90, 590]</P>
    <P Name="ZOrder">355</P>
    <P Name="Inputs">|++</P>
  </Block>
  <Block BlockType="Sum" Name="Sum6" SID="333">
    <PortCounts in="2" out="1"/>
    <P Name="Position">[45, 495, 65, 515]</P>
    <P Name="ZOrder">422</P>
    <P Name="Inputs">|++</P>
  </Block>
  <Block BlockType="Terminator" Name="Terminator" SID="51">
    <P Name="Position">[825, 305, 845, 325]</P>
    <P Name="ZOrder">51</P>
  </Block>
  <Block BlockType="Terminator" Name="Terminator1" SID="52">
    <P Name="Position">[825, 270, 845, 290]</P>
    <P Name="ZOrder">52</P>
  </Block>
  <Block BlockType="Terminator" Name="Terminator2" SID="194">
    <P Name="Position">[825, 60, 845, 80]</P>
    <P Name="ZOrder">340</P>
  </Block>
  <Block BlockType="Terminator" Name="Terminator3" SID="67">
    <P Name="Position">[1355, 805, 1375, 825]</P>
    <P Name="ZOrder">68</P>
  </Block>
  <Block BlockType="Terminator" Name="Terminator4" SID="68">
    <P Name="Position">[1355, 845, 1375, 865]</P>
    <P Name="ZOrder">69</P>
  </Block>
  <Block BlockType="SubSystem" Name="Thrust" SID="140">
    <PortCounts in="1" out="2"/>
    <P Name="Position">[1030, 659, 1215, 746]</P>
    <P Name="ZOrder">299</P>
    <P Name="ContentPreviewEnabled">on</P>
    <PortProperties>
      <Port Type="out" Index="1">
        <P Name="PropagatedSignals">FT</P>
      </Port>
      <Port Type="out" Index="2">
        <P Name="PropagatedSignals">MT</P>
      </Port>
    </PortProperties>
    <System Ref="system_140"/>
  </Block>
  <Block BlockType="Outport" Name="e1e2e3" SID="185">
    <P Name="Position">[1835, 98, 1865, 112]</P>
    <P Name="ZOrder">331</P>
  </Block>
  <Block BlockType="Outport" Name="uvw" SID="186">
    <P Name="Position">[1835, 208, 1865, 222]</P>
    <P Name="ZOrder">332</P>
    <P Name="Port">2</P>
  </Block>
  <Block BlockType="Outport" Name="pqr" SID="187">
    <P Name="Position">[1835, 318, 1865, 332]</P>
    <P Name="ZOrder">333</P>
    <P Name="Port">3</P>
  </Block>
  <Block BlockType="Outport" Name="xEyEzE" SID="188">
    <P Name="Position">[1835, 428, 1865, 442]</P>
    <P Name="ZOrder">334</P>
    <P Name="Port">4</P>
  </Block>
  <Block BlockType="Outport" Name="M" SID="189">
    <P Name="Position">[1835, 538, 1865, 552]</P>
    <P Name="ZOrder">335</P>
    <P Name="Port">5</P>
  </Block>
  <Block BlockType="Outport" Name="alpha" SID="190">
    <P Name="Position">[1835, 648, 1865, 662]</P>
    <P Name="ZOrder">336</P>
    <P Name="Port">6</P>
  </Block>
  <Block BlockType="Outport" Name="beta" SID="191">
    <P Name="Position">[1835, 758, 1865, 772]</P>
    <P Name="ZOrder">337</P>
    <P Name="Port">7</P>
  </Block>
  <Block BlockType="Outport" Name="Va" SID="192">
    <P Name="Position">[1835, 868, 1865, 882]</P>
    <P Name="ZOrder">338</P>
    <P Name="Port">8</P>
  </Block>
  <Line>
    <P Name="ZOrder">274</P>
    <P Name="Src">37#out:1</P>
    <P Name="Dst">40#in:1</P>
  </Line>
  <Line>
    <P Name="ZOrder">958</P>
    <P Name="Src">42#out:1</P>
    <P Name="Dst">330#in:1</P>
  </Line>
  <Line>
    <P Name="ZOrder">457</P>
    <P Name="Src">182#out:1</P>
    <P Name="Dst">244#in:1</P>
  </Line>
  <Line>
    <P Name="ZOrder">328</P>
    <P Name="Src">117#out:1</P>
    <P Name="Dst">118#in:3</P>
  </Line>
  <Line>
    <P Name="ZOrder">198</P>
    <P Name="Src">57#out:1</P>
    <P Name="Points">[199, 0]</P>
    <Branch>
      <P Name="ZOrder">801</P>
      <P Name="Points">[0, -40]</P>
      <P Name="Dst">89#in:1</P>
    </Branch>
    <Branch>
      <P Name="ZOrder">799</P>
      <P Name="Dst">79#in:1</P>
    </Branch>
  </Line>
  <Line>
    <P Name="ZOrder">326</P>
    <P Name="Src">115#out:1</P>
    <P Name="Dst">118#in:1</P>
  </Line>
  <Line>
    <P Name="ZOrder">193</P>
    <P Name="Src">66#out:1</P>
    <P Name="Points">[10, 0]</P>
    <Branch>
      <P Name="ZOrder">195</P>
      <P Name="Points">[0, 75]</P>
      <P Name="Dst">102#in:1</P>
    </Branch>
    <Branch>
      <P Name="ZOrder">194</P>
      <P Name="Points">[22, 0; 0, -5]</P>
      <P Name="Dst">62#in:1</P>
    </Branch>
  </Line>
  <Line>
    <P Name="ZOrder">391</P>
    <P Name="Src">172#out:1</P>
    <P Name="Dst">188#in:1</P>
  </Line>
  <Line>
    <P Name="ZOrder">327</P>
    <P Name="Src">116#out:1</P>
    <P Name="Dst">118#in:2</P>
  </Line>
  <Line>
    <P Name="ZOrder">455</P>
    <P Name="Src">181#out:1</P>
    <P Name="Dst">243#in:1</P>
  </Line>
  <Line>
    <P Name="ZOrder">196</P>
    <P Name="Src">64#out:1</P>
    <P Name="Dst">65#in:1</P>
  </Line>
  <Line>
    <P Name="ZOrder">949</P>
    <P Name="Src">330#out:5</P>
    <P Name="Dst">147#in:1</P>
  </Line>
  <Line>
    <P Name="ZOrder">273</P>
    <P Name="Src">62#out:3</P>
    <P Name="Points">[40, 0]</P>
    <P Name="Dst">68#in:1</P>
  </Line>
  <Line>
    <P Name="ZOrder">358</P>
    <P Name="Src">136#out:1</P>
    <P Name="Points">[124, 0; 13, 5]</P>
    <P Name="Dst">38#in:2</P>
  </Line>
  <Line>
    <P Name="ZOrder">953</P>
    <P Name="Src">330#out:8</P>
    <P Name="Dst">51#in:1</P>
  </Line>
  <Line>
    <P Name="ZOrder">240</P>
    <P Name="Src">57#out:2</P>
    <P Name="Dst">80#in:1</P>
  </Line>
  <Line>
    <P Name="ZOrder">275</P>
    <P Name="Src">62#out:4</P>
    <P Name="Points">[95, 0]</P>
    <P Name="Dst">85#in:1</P>
  </Line>
  <Line>
    <P Name="ZOrder">360</P>
    <P Name="Src">120#out:1</P>
    <P Name="Dst">140#in:1</P>
  </Line>
  <Line>
    <P Name="ZOrder">255</P>
    <P Name="Src">74#out:1</P>
    <P Name="Dst">75#in:2</P>
  </Line>
  <Line>
    <P Name="ZOrder">392</P>
    <P Name="Src">173#out:1</P>
    <P Name="Dst">189#in:1</P>
  </Line>
  <Line>
    <P Name="ZOrder">259</P>
    <P Name="Src">89#out:1</P>
    <P Name="Dst">90#in:1</P>
  </Line>
  <Line>
    <P Name="ZOrder">361</P>
    <P Name="Src">140#out:1</P>
    <P Name="Points">[65, 0; 0, -103]</P>
    <P Name="Dst">38#in:3</P>
  </Line>
  <Line>
    <P Name="ZOrder">957</P>
    <P Name="Src">43#out:1</P>
    <P Name="Dst">330#in:2</P>
  </Line>
  <Line>
    <P Name="ZOrder">390</P>
    <P Name="Src">171#out:1</P>
    <P Name="Dst">187#in:1</P>
  </Line>
  <Line>
    <P Name="ZOrder">269</P>
    <P Name="Src">62#out:1</P>
    <P Name="Points">[40, 0]</P>
    <P Name="Dst">67#in:1</P>
  </Line>
  <Line>
    <P Name="ZOrder">681</P>
    <P Name="Src">84#out:1</P>
    <P Name="Dst">94#in:3</P>
  </Line>
  <Line>
    <P Name="ZOrder">680</P>
    <P Name="Src">81#out:1</P>
    <P Name="Dst">94#in:2</P>
  </Line>
  <Line>
    <P Name="ZOrder">956</P>
    <P Name="Src">330#out:3</P>
    <P Name="Dst">111#in:1</P>
  </Line>
  <Line>
    <P Name="ZOrder">389</P>
    <P Name="Src">170#out:1</P>
    <P Name="Dst">186#in:1</P>
  </Line>
  <Line>
    <P Name="ZOrder">362</P>
    <P Name="Src">140#out:2</P>
    <P Name="Points">[145, 0; 0, -115]</P>
    <P Name="Dst">37#in:2</P>
  </Line>
  <Line>
    <P Name="ZOrder">682</P>
    <P Name="Src">88#out:1</P>
    <P Name="Dst">94#in:4</P>
  </Line>
  <Line>
    <P Name="ZOrder">210</P>
    <P Name="Src">57#out:3</P>
    <P Name="Points">[200, 0]</P>
    <Branch>
      <P Name="ZOrder">803</P>
      <P Name="Dst">72#in:1</P>
    </Branch>
    <Branch>
      <P Name="ZOrder">702</P>
      <P Name="Dst">268#in:1</P>
    </Branch>
  </Line>
  <Line>
    <P Name="ZOrder">363</P>
    <P Name="Src">132#out:1</P>
    <P Name="Dst">144#in:1</P>
  </Line>
  <Line>
    <P Name="ZOrder">231</P>
    <P Name="Src">38#out:1</P>
    <P Name="Dst">39#in:1</P>
  </Line>
  <Line>
    <P Name="ZOrder">388</P>
    <P Name="Src">169#out:1</P>
    <P Name="Dst">185#in:1</P>
  </Line>
  <Line>
    <P Name="ZOrder">393</P>
    <P Name="Src">174#out:1</P>
    <P Name="Dst">190#in:1</P>
  </Line>
  <Line>
    <P Name="ZOrder">955</P>
    <P Name="Src">330#out:2</P>
    <P Name="Dst">63#in:1</P>
  </Line>
  <Line>
    <P Name="ZOrder">359</P>
    <P Name="Src">136#out:2</P>
    <P Name="Dst">37#in:1</P>
  </Line>
  <Line>
    <P Name="ZOrder">683</P>
    <P Name="Src">92#out:1</P>
    <P Name="Dst">94#in:5</P>
  </Line>
  <Line>
    <P Name="ZOrder">217</P>
    <P Name="Src">75#out:1</P>
    <P Name="Dst">77#in:1</P>
  </Line>
  <Line>
    <P Name="ZOrder">951</P>
    <P Name="Src">330#out:6</P>
    <P Name="Dst">96#in:1</P>
  </Line>
  <Line>
    <P Name="ZOrder">270</P>
    <P Name="Src">62#out:2</P>
    <P Name="Points">[95, 0]</P>
    <P Name="Dst">71#in:1</P>
  </Line>
  <Line>
    <P Name="ZOrder">461</P>
    <P Name="Src">184#out:1</P>
    <P Name="Dst">246#in:1</P>
  </Line>
  <Line>
    <P Name="ZOrder">236</P>
    <P Name="Src">65#out:1</P>
    <P Name="Dst">66#in:1</P>
  </Line>
  <Line>
    <P Name="ZOrder">952</P>
    <P Name="Src">330#out:7</P>
    <P Name="Dst">52#in:1</P>
  </Line>
  <Line>
    <P Name="ZOrder">954</P>
    <P Name="Src">330#out:1</P>
    <P Name="Dst">194#in:1</P>
  </Line>
  <Line>
    <P Name="ZOrder">950</P>
    <P Name="Src">330#out:4</P>
    <P Name="Dst">130#in:1</P>
  </Line>
  <Line>
    <P Name="ZOrder">357</P>
    <P Name="Src">110#out:1</P>
    <P Name="Dst">136#in:1</P>
  </Line>
  <Line>
    <P Name="ZOrder">368</P>
    <P Name="Src">148#out:1</P>
    <P Name="Points">[20, 0]</P>
    <Branch>
      <P Name="ZOrder">800</P>
      <P Name="Points">[0, 155]</P>
      <P Name="Dst">75#in:1</P>
    </Branch>
    <Branch>
      <P Name="ZOrder">369</P>
      <P Name="Dst">57#in:1</P>
    </Branch>
    <Branch>
      <P Name="ZOrder">689</P>
      <P Name="Points">[0, -95]</P>
      <P Name="Dst">280#in:1</P>
    </Branch>
  </Line>
  <Line>
    <P Name="ZOrder">364</P>
    <P Name="Src">144#out:1</P>
    <P Name="Points">[135, 0]</P>
    <Branch>
      <P Name="ZOrder">1094</P>
      <P Name="Dst">348#in:1</P>
    </Branch>
    <Branch>
      <P Name="ZOrder">1092</P>
      <P Name="Points">[5, 0]</P>
      <P Name="Dst">38#in:1</P>
    </Branch>
  </Line>
  <Line>
    <P Name="ZOrder">395</P>
    <P Name="Src">179#out:1</P>
    <P Name="Dst">192#in:1</P>
  </Line>
  <Line>
    <P Name="ZOrder">394</P>
    <P Name="Src">175#out:1</P>
    <P Name="Dst">191#in:1</P>
  </Line>
  <Line>
    <P Name="ZOrder">459</P>
    <P Name="Src">183#out:1</P>
    <P Name="Dst">245#in:1</P>
  </Line>
  <Line>
    <P Name="ZOrder">664</P>
    <P Name="Src">243#out:1</P>
    <P Name="Dst">275#in:1</P>
  </Line>
  <Line>
    <P Name="ZOrder">665</P>
    <P Name="Src">244#out:1</P>
    <P Name="Dst">275#in:2</P>
  </Line>
  <Line>
    <P Name="ZOrder">666</P>
    <P Name="Src">245#out:1</P>
    <P Name="Dst">275#in:3</P>
  </Line>
  <Line>
    <P Name="ZOrder">667</P>
    <P Name="Src">246#out:1</P>
    <P Name="Dst">275#in:4</P>
  </Line>
  <Line>
    <P Name="ZOrder">1081</P>
    <P Name="Src">217#out:4</P>
    <P Name="Points">[200, 0]</P>
    <P Name="Dst">246#in:2</P>
  </Line>
  <Line>
    <P Name="ZOrder">1079</P>
    <P Name="Src">217#out:3</P>
    <P Name="Points">[200, 0]</P>
    <P Name="Dst">245#in:2</P>
  </Line>
  <Line>
    <P Name="ZOrder">1073</P>
    <P Name="Src">217#out:1</P>
    <P Name="Points">[200, 0]</P>
    <P Name="Dst">243#in:2</P>
  </Line>
  <Line>
    <P Name="ZOrder">692</P>
    <P Name="Src">101#out:1</P>
    <P Name="Dst">94#in:9</P>
  </Line>
  <Line>
    <P Name="ZOrder">693</P>
    <P Name="Src">100#out:1</P>
    <P Name="Dst">94#in:8</P>
  </Line>
  <Line>
    <P Name="ZOrder">694</P>
    <P Name="Src">99#out:1</P>
    <P Name="Dst">94#in:7</P>
  </Line>
  <Line>
    <P Name="ZOrder">641</P>
    <P Name="Src">118#out:1</P>
    <P Name="Dst">119#in:1</P>
  </Line>
  <Line>
    <P Name="ZOrder">677</P>
    <P Name="Src">94#out:1</P>
    <P Name="Dst">103#in:1</P>
  </Line>
  <Line>
    <P Name="ZOrder">679</P>
    <P Name="Src">266#out:1</P>
    <P Name="Dst">94#in:1</P>
  </Line>
  <Line>
    <P Name="ZOrder">653</P>
    <P Name="Src">268#out:1</P>
    <P Name="Points">[0, 10]</P>
    <P Name="Dst">269#in:1</P>
  </Line>
  <Line>
    <P Name="ZOrder">654</P>
    <P Name="Src">267#out:1</P>
    <P Name="Dst">269#in:2</P>
  </Line>
  <Line>
    <P Name="ZOrder">657</P>
    <P Name="Src">269#out:1</P>
    <P Name="Dst">347#in:1</P>
  </Line>
  <Line>
    <P Name="ZOrder">671</P>
    <P Name="Src">279#out:1</P>
    <P Name="Dst">105#in:1</P>
  </Line>
  <Line>
    <P Name="ZOrder">672</P>
    <P Name="Src">279#out:2</P>
    <P Name="Dst">107#in:1</P>
  </Line>
  <Line>
    <P Name="ZOrder">673</P>
    <P Name="Src">279#out:3</P>
    <P Name="Dst">109#in:1</P>
  </Line>
  <Line>
    <P Name="ZOrder">674</P>
    <P Name="Src">279#out:4</P>
    <P Name="Dst">122#in:1</P>
  </Line>
  <Line>
    <P Name="ZOrder">690</P>
    <P Name="Src">280#out:1</P>
    <P Name="Dst">281#in:1</P>
  </Line>
  <Line>
    <P Name="ZOrder">691</P>
    <P Name="Src">281#out:1</P>
    <P Name="Dst">282#in:1</P>
  </Line>
  <Line>
    <P Name="ZOrder">695</P>
    <P Name="Src">284#out:1</P>
    <P Name="Dst">94#in:6</P>
  </Line>
  <Line>
    <P Name="ZOrder">887</P>
    <P Name="Src">297#out:1</P>
    <P Name="Dst">94#in:10</P>
  </Line>
  <Line>
    <P Name="ZOrder">936</P>
    <P Name="Src">316#out:1</P>
    <P Name="Dst">324#in:1</P>
  </Line>
  <Line>
    <P Name="ZOrder">937</P>
    <P Name="Src">322#out:1</P>
    <P Name="Dst">324#in:2</P>
  </Line>
  <Line>
    <P Name="ZOrder">938</P>
    <P Name="Src">324#out:1</P>
    <P Name="Dst">313#in:1</P>
  </Line>
  <Line>
    <P Name="ZOrder">964</P>
    <P Name="Src">333#out:1</P>
    <P Name="Dst">279#in:1</P>
  </Line>
  <Line>
    <P Name="ZOrder">1056</P>
    <P Name="Src">275#out:1</P>
    <P Name="Dst">333#in:1</P>
  </Line>
  <Line>
    <P Name="ZOrder">980</P>
    <P Name="Src">337#out:1</P>
    <P Name="Dst">333#in:2</P>
  </Line>
  <Line>
    <P Name="ZOrder">1080</P>
    <P Name="Src">217#out:2</P>
    <P Name="Points">[200, 0]</P>
    <P Name="Dst">244#in:2</P>
  </Line>
  <Line>
    <P Name="ZOrder">1082</P>
    <P Name="Src">347#out:1</P>
    <P Name="Dst">270#in:1</P>
  </Line>
  <Annotation SID="154">
    <P Name="Position">[-558, 401, 295, 671]</P>
    <P Name="InternalMargins">[0, 0, 0, 0]</P>
    <P Name="FixedHeight">on</P>
    <P Name="FixedWidth">on</P>
    <P Name="ForegroundColor">[0.901961, 0.901961, 1.000000]</P>
    <P Name="BackgroundColor">[0.901961, 0.901961, 1.000000]</P>
    <P Name="DropShadow">on</P>
    <P Name="AnnotationType">area_annotation</P>
    <P Name="ZOrder">4036</P>
    <P Name="FontSize">12</P>
  </Annotation>
  <Annotation SID="153">
    <P Name="Position">[315, 400, 860, 969]</P>
    <P Name="InternalMargins">[0, 0, 0, 0]</P>
    <P Name="FixedHeight">on</P>
    <P Name="FixedWidth">on</P>
    <P Name="ForegroundColor">[0.901961, 0.901961, 1.000000]</P>
    <P Name="BackgroundColor">[0.901961, 0.901961, 1.000000]</P>
    <P Name="DropShadow">on</P>
    <P Name="AnnotationType">area_annotation</P>
    <P Name="ZOrder">4035</P>
    <P Name="FontSize">12</P>
  </Annotation>
  <Annotation SID="152">
    <P Name="Position">[885, 788, 1502, 967]</P>
    <P Name="InternalMargins">[0, 0, 0, 0]</P>
    <P Name="FixedHeight">on</P>
    <P Name="FixedWidth">on</P>
    <P Name="ForegroundColor">[0.901961, 0.901961, 1.000000]</P>
    <P Name="BackgroundColor">[0.901961, 0.901961, 1.000000]</P>
    <P Name="DropShadow">on</P>
    <P Name="AnnotationType">area_annotation</P>
    <P Name="ZOrder">4037</P>
    <P Name="FontSize">12</P>
  </Annotation>
  <Annotation SID="151">
    <P Name="Position">[881, 398, 1501, 764]</P>
    <P Name="InternalMargins">[0, 0, 0, 0]</P>
    <P Name="FixedHeight">on</P>
    <P Name="FixedWidth">on</P>
    <P Name="ForegroundColor">[0.901961, 0.901961, 1.000000]</P>
    <P Name="BackgroundColor">[0.901961, 0.901961, 1.000000]</P>
    <P Name="DropShadow">on</P>
    <P Name="AnnotationType">area_annotation</P>
    <P Name="ZOrder">4034</P>
    <P Name="FontSize">12</P>
  </Annotation>
  <Annotation SID="150">
    <P Name="Position">[878, 22, 1502, 372]</P>
    <P Name="InternalMargins">[0, 0, 0, 0]</P>
    <P Name="FixedHeight">on</P>
    <P Name="FixedWidth">on</P>
    <P Name="ForegroundColor">[0.901961, 0.901961, 1.000000]</P>
    <P Name="BackgroundColor">[0.901961, 0.901961, 1.000000]</P>
    <P Name="DropShadow">on</P>
    <P Name="AnnotationType">area_annotation</P>
    <P Name="ZOrder">4033</P>
    <P Name="FontSize">12</P>
  </Annotation>
  <Annotation SID="149">
    <P Name="Position">[317, 21, 862, 370]</P>
    <P Name="InternalMargins">[0, 0, 0, 0]</P>
    <P Name="FixedHeight">on</P>
    <P Name="FixedWidth">on</P>
    <P Name="ForegroundColor">[0.901961, 0.901961, 1.000000]</P>
    <P Name="BackgroundColor">[0.901961, 0.901961, 1.000000]</P>
    <P Name="DropShadow">on</P>
    <P Name="AnnotationType">area_annotation</P>
    <P Name="ZOrder">4032</P>
    <P Name="FontSize">12</P>
  </Annotation>
</System>
