<?xml version="1.0" encoding="utf-8"?>
<System>
  <P Name="Location">[-1, -8, 1921, 1041]</P>
  <P Name="ZoomFactor">150</P>
  <Block BlockType="Inport" Name="DCM" SID="145">
    <P Name="Position">[-65, 23, -35, 37]</P>
    <P Name="ZOrder">296</P>
  </Block>
  <Block BlockType="Constant" Name="Constant" SID="131">
    <P Name="Position">[-65, 82, 145, 118]</P>
    <P Name="ZOrder">293</P>
    <P Name="Value">[0;0;9.80665*reference.m]</P>
  </Block>
  <Block BlockType="Product" Name="Matrix Multiply" SID="133">
    <PortCounts in="2" out="1"/>
    <P Name="Position">[195, 22, 240, 58]</P>
    <P Name="ZOrder">295</P>
    <P Name="Multiplication">Matrix(*)</P>
  </Block>
  <Block BlockType="Outport" Name="FG" SID="146">
    <P Name="Position">[300, 33, 330, 47]</P>
    <P Name="ZOrder">297</P>
  </Block>
  <Line>
    <P Name="ZOrder">345</P>
    <P Name="Src">131#out:1</P>
    <P Name="Points">[21, 0; 0, -50]</P>
    <P Name="Dst">133#in:2</P>
  </Line>
  <Line>
    <P Name="ZOrder">354</P>
    <P Name="Src">133#out:1</P>
    <P Name="Dst">146#in:1</P>
  </Line>
  <Line>
    <P Name="ZOrder">353</P>
    <P Name="Src">145#out:1</P>
    <P Name="Dst">133#in:1</P>
  </Line>
</System>
