<?xml version="1.0" encoding="utf-8"?>
<System>
  <P Name="Location">[-1, -8, 1921, 1041]</P>
  <P Name="Open">on</P>
  <P Name="ZoomFactor">155</P>
  <P Name="ReportName">simulink-default.rpt</P>
  <P Name="SIDHighWatermark">348</P>
  <Block BlockType="Inport" Name="delta_e" SID="156">
    <P Name="Position">[-240, 893, -210, 907]</P>
    <P Name="ZOrder">303</P>
    <P Name="NameLocation">top</P>
  </Block>
  <Block BlockType="Inport" Name="delta_a" SID="157">
    <P Name="Position">[-240, 968, -210, 982]</P>
    <P Name="ZOrder">304</P>
    <P Name="Port">2</P>
  </Block>
  <Block BlockType="Inport" Name="delta_r" SID="158">
    <P Name="Position">[-240, 1043, -210, 1057]</P>
    <P Name="ZOrder">305</P>
    <P Name="Port">3</P>
  </Block>
  <Block BlockType="Inport" Name="Tcom" SID="159">
    <P Name="Position">[-240, 1118, -210, 1132]</P>
    <P Name="ZOrder">306</P>
    <P Name="Port">4</P>
  </Block>
  <Block BlockType="SubSystem" Name="Nonlinear 6DOF Redspot Plant V1" SID="180">
    <PortCounts in="4" out="8"/>
    <P Name="Position">[-175, 856, 5, 1164]</P>
    <P Name="ZOrder">327</P>
    <P Name="ContentPreviewEnabled">on</P>
    <System Ref="system_180"/>
  </Block>
  <Block BlockType="Outport" Name="e1e2e3" SID="160">
    <P Name="Position">[75, 863, 105, 877]</P>
    <P Name="ZOrder">307</P>
  </Block>
  <Block BlockType="Outport" Name="uvw" SID="161">
    <P Name="Position">[75, 903, 105, 917]</P>
    <P Name="ZOrder">308</P>
    <P Name="Port">2</P>
  </Block>
  <Block BlockType="Outport" Name="pqr" SID="162">
    <P Name="Position">[75, 943, 105, 957]</P>
    <P Name="ZOrder">309</P>
    <P Name="Port">3</P>
  </Block>
  <Block BlockType="Outport" Name="xEyEzE" SID="163">
    <P Name="Position">[75, 983, 105, 997]</P>
    <P Name="ZOrder">310</P>
    <P Name="Port">4</P>
  </Block>
  <Block BlockType="Outport" Name="M" SID="164">
    <P Name="Position">[75, 1023, 105, 1037]</P>
    <P Name="ZOrder">311</P>
    <P Name="Port">5</P>
  </Block>
  <Block BlockType="Outport" Name="alpha" SID="165">
    <P Name="Position">[75, 1063, 105, 1077]</P>
    <P Name="ZOrder">312</P>
    <P Name="Port">6</P>
  </Block>
  <Block BlockType="Outport" Name="beta" SID="166">
    <P Name="Position">[75, 1103, 105, 1117]</P>
    <P Name="ZOrder">313</P>
    <P Name="Port">7</P>
  </Block>
  <Block BlockType="Outport" Name="Va" SID="178">
    <P Name="Position">[75, 1143, 105, 1157]</P>
    <P Name="ZOrder">324</P>
    <P Name="Port">8</P>
  </Block>
  <Line>
    <P Name="ZOrder">396</P>
    <P Name="Src">156#out:1</P>
    <P Name="Dst">180#in:1</P>
  </Line>
  <Line>
    <P Name="ZOrder">397</P>
    <P Name="Src">180#out:4</P>
    <P Name="Dst">163#in:1</P>
  </Line>
  <Line>
    <P Name="ZOrder">398</P>
    <P Name="Src">157#out:1</P>
    <P Name="Dst">180#in:2</P>
  </Line>
  <Line>
    <P Name="ZOrder">399</P>
    <P Name="Src">180#out:1</P>
    <P Name="Dst">160#in:1</P>
  </Line>
  <Line>
    <P Name="ZOrder">400</P>
    <P Name="Src">158#out:1</P>
    <P Name="Dst">180#in:3</P>
  </Line>
  <Line>
    <P Name="ZOrder">401</P>
    <P Name="Src">180#out:3</P>
    <P Name="Dst">162#in:1</P>
  </Line>
  <Line>
    <P Name="ZOrder">402</P>
    <P Name="Src">159#out:1</P>
    <P Name="Dst">180#in:4</P>
  </Line>
  <Line>
    <P Name="ZOrder">403</P>
    <P Name="Src">180#out:2</P>
    <P Name="Dst">161#in:1</P>
  </Line>
  <Line>
    <P Name="ZOrder">404</P>
    <P Name="Src">180#out:5</P>
    <P Name="Dst">164#in:1</P>
  </Line>
  <Line>
    <P Name="ZOrder">405</P>
    <P Name="Src">180#out:6</P>
    <P Name="Dst">165#in:1</P>
  </Line>
  <Line>
    <P Name="ZOrder">406</P>
    <P Name="Src">180#out:7</P>
    <P Name="Dst">166#in:1</P>
  </Line>
  <Line>
    <P Name="ZOrder">407</P>
    <P Name="Src">180#out:8</P>
    <P Name="Dst">178#in:1</P>
  </Line>
</System>
