<?xml version="1.0" encoding="utf-8"?>
<System>
  <P Name="Location">[-1, -8, 1921, 1041]</P>
  <P Name="ZoomFactor">175</P>
  <Block BlockType="Inport" Name="Xe" SID="325">
    <P Name="Position">[25, 38, 55, 52]</P>
    <P Name="ZOrder">416</P>
  </Block>
  <Block BlockType="Inport" Name="e1e2e3" SID="326">
    <P Name="Position">[20, 108, 50, 122]</P>
    <P Name="ZOrder">417</P>
    <P Name="Port">2</P>
  </Block>
  <Block BlockType="Constant" Name="Constant1" SID="318">
    <P Name="Position">[155, 65, 185, 95]</P>
    <P Name="ZOrder">410</P>
    <P Name="Value">0</P>
  </Block>
  <Block BlockType="Demux" Name="Demux1" SID="320">
    <PortCounts in="1" out="2"/>
    <P Name="Position">[360, 26, 365, 64]</P>
    <P Name="ZOrder">412</P>
    <P Name="Outputs">2</P>
  </Block>
  <Block BlockType="Demux" Name="Demux2" SID="323">
    <PortCounts in="1" out="3"/>
    <P Name="Position">[420, 83, 425, 147]</P>
    <P Name="ZOrder">415</P>
    <P Name="Outputs">3</P>
  </Block>
  <Block BlockType="Reference" Name="Flat Earth to LLA" SID="315">
    <PortCounts in="2" out="2"/>
    <P Name="Position">[260, 29, 325, 96]</P>
    <P Name="ZOrder">407</P>
    <P Name="LibraryVersion">7.3</P>
    <P Name="SourceBlock">aerolibtransform2/Flat Earth to LLA</P>
    <P Name="SourceType">Flat Earth to LLA</P>
    <InstanceData>
      <P Name="RTWMemSecFuncInitTerm">Inherit from model</P>
      <P Name="RTWMemSecFuncExecute">Inherit from model</P>
      <P Name="RTWMemSecDataConstants">Inherit from model</P>
      <P Name="RTWMemSecDataInternal">Inherit from model</P>
      <P Name="RTWMemSecDataParameters">Inherit from model</P>
      <P Name="ContentPreviewEnabled">on</P>
      <P Name="units">Metric (MKS)</P>
      <P Name="ptype">Earth (WGS84)</P>
      <P Name="F">1/298.257223563</P>
      <P Name="R">6378137</P>
      <P Name="refPosPort">off</P>
      <P Name="LL0">[0 0]</P>
      <P Name="psi">0</P>
    </InstanceData>
  </Block>
  <Block BlockType="Mux" Name="Mux1" SID="321">
    <PortCounts in="6" out="1"/>
    <P Name="Position">[465, 23, 470, 147]</P>
    <P Name="ZOrder">413</P>
    <P Name="Inputs">6</P>
    <P Name="DisplayOption">bar</P>
  </Block>
  <Block BlockType="Outport" Name="Flight Geat Input" SID="327">
    <P Name="Position">[645, 78, 675, 92]</P>
    <P Name="ZOrder">418</P>
  </Block>
  <Line>
    <P Name="ZOrder">924</P>
    <P Name="Src">318#out:1</P>
    <P Name="Dst">315#in:2</P>
  </Line>
  <Line>
    <P Name="ZOrder">930</P>
    <P Name="Src">315#out:2</P>
    <P Name="Dst">321#in:3</P>
  </Line>
  <Line>
    <P Name="ZOrder">932</P>
    <P Name="Src">323#out:1</P>
    <P Name="Dst">321#in:4</P>
  </Line>
  <Line>
    <P Name="ZOrder">929</P>
    <P Name="Src">320#out:1</P>
    <P Name="Points">[45, 0; 0, 20]</P>
    <P Name="Dst">321#in:2</P>
  </Line>
  <Line>
    <P Name="ZOrder">934</P>
    <P Name="Src">323#out:3</P>
    <P Name="Dst">321#in:6</P>
  </Line>
  <Line>
    <P Name="ZOrder">933</P>
    <P Name="Src">323#out:2</P>
    <P Name="Dst">321#in:5</P>
  </Line>
  <Line>
    <P Name="ZOrder">925</P>
    <P Name="Src">315#out:1</P>
    <P Name="Dst">320#in:1</P>
  </Line>
  <Line>
    <P Name="ZOrder">928</P>
    <P Name="Src">320#out:2</P>
    <P Name="Points">[20, 0; 0, -20]</P>
    <P Name="Dst">321#in:1</P>
  </Line>
  <Line>
    <P Name="ZOrder">936</P>
    <P Name="Src">325#out:1</P>
    <P Name="Dst">315#in:1</P>
  </Line>
  <Line>
    <P Name="ZOrder">937</P>
    <P Name="Src">326#out:1</P>
    <P Name="Dst">323#in:1</P>
  </Line>
  <Line>
    <P Name="ZOrder">938</P>
    <P Name="Src">321#out:1</P>
    <P Name="Dst">327#in:1</P>
  </Line>
</System>
