<?xml version="1.0" encoding="utf-8"?>
<System>
  <P Name="Location">[-1, -8, 1921, 1041]</P>
  <P Name="ZoomFactor">175</P>
  <Block BlockType="Inport" Name="Axes + Throttle" SID="220">
    <P Name="Position">[-165, 38, -135, 52]</P>
    <P Name="ZOrder">338</P>
  </Block>
  <Block BlockType="Inport" Name="Buttons" SID="221">
    <P Name="Position">[60, 238, 90, 252]</P>
    <P Name="ZOrder">339</P>
    <P Name="Port">2</P>
  </Block>
  <Block BlockType="BusCreator" Name="Bus&#xA;Creator" SID="222">
    <PortCounts in="6" out="1"/>
    <P Name="Position">[280, 138, 285, 347]</P>
    <P Name="ZOrder">335</P>
    <P Name="Inputs">6</P>
    <P Name="DisplayOption">bar</P>
    <P Name="InheritFromInputs">on</P>
    <PortProperties>
      <Port Type="out" Index="1">
        <P Name="Name">buttons</P>
      </Port>
    </PortProperties>
  </Block>
  <Block BlockType="BusCreator" Name="Bus&#xA;Creator1" SID="223">
    <PortCounts in="4" out="1"/>
    <P Name="Position">[430, 8, 435, 82]</P>
    <P Name="ZOrder">337</P>
    <P Name="Inputs">4</P>
    <P Name="DisplayOption">bar</P>
    <P Name="InheritFromInputs">on</P>
    <PortProperties>
      <Port Type="out" Index="1">
        <P Name="Name">axes</P>
      </Port>
    </PortProperties>
  </Block>
  <Block BlockType="BusCreator" Name="Bus&#xA;Creator2" SID="224">
    <PortCounts in="2" out="1"/>
    <P Name="Position">[540, 178, 545, 267]</P>
    <P Name="ZOrder">342</P>
    <P Name="Inputs">2</P>
    <P Name="DisplayOption">bar</P>
    <P Name="InheritFromInputs">on</P>
  </Block>
  <Block BlockType="Constant" Name="Constant" SID="225">
    <P Name="Position">[-5, 109, 25, 131]</P>
    <P Name="ZOrder">346</P>
    <P Name="Value">+1</P>
  </Block>
  <Block BlockType="Demux" Name="Demux" SID="226">
    <PortCounts in="1" out="6"/>
    <P Name="Position">[215, 140, 220, 345]</P>
    <P Name="ZOrder">334</P>
    <P Name="Outputs">6</P>
    <PortProperties>
      <Port Type="out" Index="1">
        <P Name="Name">B1</P>
      </Port>
      <Port Type="out" Index="2">
        <P Name="Name">B2</P>
      </Port>
      <Port Type="out" Index="3">
        <P Name="Name">B3</P>
      </Port>
      <Port Type="out" Index="4">
        <P Name="Name">B4</P>
      </Port>
      <Port Type="out" Index="5">
        <P Name="Name">B5</P>
      </Port>
      <Port Type="out" Index="6">
        <P Name="Name">B6</P>
      </Port>
    </PortProperties>
  </Block>
  <Block BlockType="Demux" Name="Demux1" SID="227">
    <PortCounts in="1" out="4"/>
    <P Name="Position">[-35, 3, -30, 87]</P>
    <P Name="ZOrder">336</P>
  </Block>
  <Block BlockType="Gain" Name="Gain" SID="228">
    <P Name="Position">[145, 40, 175, 70]</P>
    <P Name="ZOrder">349</P>
    <P Name="Gain">abs(model.parameters.delta_r.max)</P>
    <PortProperties>
      <Port Type="out" Index="1">
        <P Name="Name">delta_r</P>
      </Port>
    </PortProperties>
  </Block>
  <Block BlockType="Gain" Name="Gain1" SID="229">
    <P Name="Position">[95, 20, 125, 50]</P>
    <P Name="ZOrder">351</P>
    <P Name="Gain">abs(model.parameters.delta_a.max)</P>
    <PortProperties>
      <Port Type="out" Index="1">
        <P Name="Name">delta_a</P>
      </Port>
    </PortProperties>
  </Block>
  <Block BlockType="Gain" Name="Gain2" SID="230">
    <P Name="Position">[45, 0, 75, 30]</P>
    <P Name="ZOrder">352</P>
    <P Name="Gain">abs(model.parameters.delta_e.max)</P>
    <PortProperties>
      <Port Type="out" Index="1">
        <P Name="Name">delta_e</P>
      </Port>
    </PortProperties>
  </Block>
  <Block BlockType="Gain" Name="Gain3" SID="231">
    <P Name="Position">[190, 60, 220, 90]</P>
    <P Name="ZOrder">356</P>
    <P Name="Gain">100</P>
    <PortProperties>
      <Port Type="out" Index="1">
        <P Name="Name">Tcom</P>
      </Port>
    </PortProperties>
  </Block>
  <Block BlockType="Gain" Name="Gain4" SID="341">
    <P Name="Position">[190, 0, 220, 30]</P>
    <P Name="ZOrder">366</P>
    <P Name="Gain">-pi/180</P>
    <PortProperties>
      <Port Type="out" Index="1">
        <P Name="Name">delta_e</P>
      </Port>
    </PortProperties>
  </Block>
  <Block BlockType="Gain" Name="Gain5" SID="342">
    <P Name="Position">[255, 20, 285, 50]</P>
    <P Name="ZOrder">367</P>
    <P Name="Gain">pi/180</P>
    <PortProperties>
      <Port Type="out" Index="1">
        <P Name="Name">delta_a</P>
      </Port>
    </PortProperties>
  </Block>
  <Block BlockType="Gain" Name="Gain6" SID="234">
    <P Name="Position">[90, 60, 120, 90]</P>
    <P Name="ZOrder">360</P>
    <P Name="Gain">0.5</P>
  </Block>
  <Block BlockType="Gain" Name="Gain9" SID="311">
    <P Name="Position">[340, 40, 370, 70]</P>
    <P Name="ZOrder">364</P>
    <P Name="Gain">pi/180</P>
    <PortProperties>
      <Port Type="out" Index="1">
        <P Name="Name">delta_r</P>
      </Port>
    </PortProperties>
  </Block>
  <Block BlockType="Sum" Name="Sum" SID="235">
    <PortCounts in="2" out="1"/>
    <P Name="Position">[45, 65, 65, 85]</P>
    <P Name="ZOrder">348</P>
    <P Name="Inputs">|++</P>
  </Block>
  <Block BlockType="Outport" Name="Inputs" SID="236">
    <P Name="Position">[615, 218, 645, 232]</P>
    <P Name="ZOrder">343</P>
  </Block>
  <Line>
    <P Name="ZOrder">1</P>
    <P Name="Src">227#out:1</P>
    <P Name="Dst">230#in:1</P>
  </Line>
  <Line>
    <P Name="ZOrder">2</P>
    <P Name="Src">227#out:3</P>
    <P Name="Dst">228#in:1</P>
  </Line>
  <Line>
    <P Name="Name">B5</P>
    <P Name="ZOrder">3</P>
    <P Name="Labels">[1, 1]</P>
    <P Name="Src">226#out:5</P>
    <P Name="Dst">222#in:5</P>
  </Line>
  <Line>
    <P Name="ZOrder">4</P>
    <P Name="Src">227#out:2</P>
    <P Name="Dst">229#in:1</P>
  </Line>
  <Line>
    <P Name="Name">B1</P>
    <P Name="ZOrder">5</P>
    <P Name="Labels">[1, 1]</P>
    <P Name="Src">226#out:1</P>
    <P Name="Dst">222#in:1</P>
  </Line>
  <Line>
    <P Name="Name">B3</P>
    <P Name="ZOrder">6</P>
    <P Name="Labels">[1, 1]</P>
    <P Name="Src">226#out:3</P>
    <P Name="Dst">222#in:3</P>
  </Line>
  <Line>
    <P Name="Name">B2</P>
    <P Name="ZOrder">7</P>
    <P Name="Labels">[1, 1]</P>
    <P Name="Src">226#out:2</P>
    <P Name="Dst">222#in:2</P>
  </Line>
  <Line>
    <P Name="Name">B6</P>
    <P Name="ZOrder">8</P>
    <P Name="Labels">[1, 1]</P>
    <P Name="Src">226#out:6</P>
    <P Name="Dst">222#in:6</P>
  </Line>
  <Line>
    <P Name="Name">B4</P>
    <P Name="ZOrder">9</P>
    <P Name="Labels">[1, 1]</P>
    <P Name="Src">226#out:4</P>
    <P Name="Dst">222#in:4</P>
  </Line>
  <Line>
    <P Name="ZOrder">10</P>
    <P Name="Src">220#out:1</P>
    <P Name="Dst">227#in:1</P>
  </Line>
  <Line>
    <P Name="Name">axes</P>
    <P Name="ZOrder">11</P>
    <P Name="Labels">[2, 1]</P>
    <P Name="Src">223#out:1</P>
    <P Name="Points">[43, 0; 0, 155]</P>
    <P Name="Dst">224#in:1</P>
  </Line>
  <Line>
    <P Name="ZOrder">12</P>
    <P Name="Src">221#out:1</P>
    <P Name="Dst">226#in:1</P>
  </Line>
  <Line>
    <P Name="Name">buttons</P>
    <P Name="ZOrder">13</P>
    <P Name="Labels">[2, 1]</P>
    <P Name="Src">222#out:1</P>
    <P Name="Points">[-5, 0]</P>
    <P Name="Dst">224#in:2</P>
  </Line>
  <Line>
    <P Name="ZOrder">14</P>
    <P Name="Src">224#out:1</P>
    <P Name="Dst">236#in:1</P>
  </Line>
  <Line>
    <P Name="ZOrder">15</P>
    <P Name="Src">227#out:4</P>
    <P Name="Dst">235#in:1</P>
  </Line>
  <Line>
    <P Name="ZOrder">16</P>
    <P Name="Src">225#out:1</P>
    <P Name="Points">[25, 0; 0, -35]</P>
    <P Name="Dst">235#in:2</P>
  </Line>
  <Line>
    <P Name="ZOrder">17</P>
    <P Name="Src">235#out:1</P>
    <P Name="Dst">234#in:1</P>
  </Line>
  <Line>
    <P Name="Name">delta_r</P>
    <P Name="ZOrder">18</P>
    <P Name="Labels">[1, 1]</P>
    <P Name="Src">228#out:1</P>
    <P Name="Dst">311#in:1</P>
  </Line>
  <Line>
    <P Name="Name">Tcom</P>
    <P Name="ZOrder">21</P>
    <P Name="Labels">[1, 1]</P>
    <P Name="Src">231#out:1</P>
    <P Name="Dst">223#in:4</P>
  </Line>
  <Line>
    <P Name="Name">delta_a</P>
    <P Name="ZOrder">43</P>
    <P Name="Labels">[1, 1]</P>
    <P Name="Src">229#out:1</P>
    <P Name="Dst">342#in:1</P>
  </Line>
  <Line>
    <P Name="Name">delta_e</P>
    <P Name="ZOrder">45</P>
    <P Name="Labels">[0, 0; -1, 0]</P>
    <P Name="Src">230#out:1</P>
    <P Name="Dst">341#in:1</P>
  </Line>
  <Line>
    <P Name="ZOrder">24</P>
    <P Name="Src">234#out:1</P>
    <P Name="Dst">231#in:1</P>
  </Line>
  <Line>
    <P Name="Name">delta_r</P>
    <P Name="ZOrder">28</P>
    <P Name="Labels">[0, 0]</P>
    <P Name="Src">311#out:1</P>
    <P Name="Dst">223#in:3</P>
  </Line>
  <Line>
    <P Name="Name">delta_e</P>
    <P Name="ZOrder">49</P>
    <P Name="Labels">[1, 1]</P>
    <P Name="Src">341#out:1</P>
    <P Name="Dst">223#in:1</P>
  </Line>
  <Line>
    <P Name="Name">delta_a</P>
    <P Name="ZOrder">52</P>
    <P Name="Labels">[1, 1]</P>
    <P Name="Src">342#out:1</P>
    <P Name="Dst">223#in:2</P>
  </Line>
  <Annotation SID="339">
    <P Name="Name">pi/180</P>
    <P Name="Position">[317, 53, 346, 68]</P>
    <P Name="InternalMargins">[0, 0, 0, 0]</P>
  </Annotation>
</System>
