<?xml version="1.0" encoding="utf-8"?>
<System>
  <P Name="Location">[-1, -8, 1921, 1041]</P>
  <P Name="Open">on</P>
  <P Name="ZoomFactor">200</P>
  <Block BlockType="BusSelector" Name="Bus&#xA;Selector" SID="218">
    <PortCounts in="1" out="4"/>
    <P Name="Position">[440, 20, 445, 150]</P>
    <P Name="ZOrder">344</P>
    <P Name="OutputSignals">axes.delta_e,axes.delta_a,axes.delta_r,axes.Tcom</P>
    <PortProperties>
      <Port Type="out" Index="1">
        <P Name="Name">&lt;delta_e&gt;</P>
      </Port>
      <Port Type="out" Index="2">
        <P Name="Name">&lt;delta_a&gt;</P>
      </Port>
      <Port Type="out" Index="3">
        <P Name="Name">&lt;delta_r&gt;</P>
      </Port>
      <Port Type="out" Index="4">
        <P Name="Name">&lt;Tcom&gt;</P>
      </Port>
    </PortProperties>
  </Block>
  <Block BlockType="SubSystem" Name="Controller Gains" SID="219">
    <PortCounts in="2" out="1"/>
    <P Name="Position">[285, 36, 365, 129]</P>
    <P Name="ZOrder">341</P>
    <P Name="ContentPreviewEnabled">on</P>
    <System Ref="system_219"/>
  </Block>
  <Block BlockType="Gain" Name="Gain" SID="346">
    <P Name="Position">[520, 55, 550, 85]</P>
    <P Name="ZOrder">428</P>
    <P Name="Gain">-1</P>
  </Block>
  <Block BlockType="Reference" Name="Joystick Input" SID="237">
    <PortCounts out="3"/>
    <P Name="Position">[20, 39, 165, 171]</P>
    <P Name="ZOrder">340</P>
    <P Name="LibraryVersion">9.1</P>
    <P Name="SourceBlock">vrlib/Joystick Input</P>
    <P Name="SourceType">Joystick Input</P>
    <InstanceData>
      <P Name="MultithreadedSim">auto</P>
      <P Name="joyid">1</P>
      <P Name="adjustports">on</P>
      <P Name="forcefeed">off</P>
    </InstanceData>
  </Block>
  <Block BlockType="Terminator" Name="Terminator" SID="238">
    <P Name="Position">[205, 140, 225, 160]</P>
    <P Name="ZOrder">343</P>
  </Block>
  <Block BlockType="Outport" Name="&lt;delta_e&gt;" SID="239">
    <P Name="Position">[590, 63, 620, 77]</P>
    <P Name="ZOrder">345</P>
  </Block>
  <Block BlockType="Outport" Name="&lt;delta_a&gt;" SID="240">
    <P Name="Position">[590, 33, 620, 47]</P>
    <P Name="ZOrder">346</P>
    <P Name="Port">2</P>
  </Block>
  <Block BlockType="Outport" Name="&lt;delta_r&gt;" SID="241">
    <P Name="Position">[590, 93, 620, 107]</P>
    <P Name="ZOrder">347</P>
    <P Name="Port">3</P>
  </Block>
  <Block BlockType="Outport" Name="&lt;Tcom&gt;" SID="242">
    <P Name="Position">[590, 123, 620, 137]</P>
    <P Name="ZOrder">348</P>
    <P Name="Port">4</P>
  </Block>
  <Line>
    <P Name="Name">&lt;Tcom&gt;</P>
    <P Name="ZOrder">1</P>
    <P Name="Labels">[0, 0]</P>
    <P Name="Src">218#out:4</P>
    <P Name="Dst">242#in:1</P>
  </Line>
  <Line>
    <P Name="Name">&lt;delta_r&gt;</P>
    <P Name="ZOrder">2</P>
    <P Name="Labels">[0, 0]</P>
    <P Name="Src">218#out:3</P>
    <P Name="Dst">241#in:1</P>
  </Line>
  <Line>
    <P Name="ZOrder">3</P>
    <P Name="Src">237#out:2</P>
    <P Name="Dst">219#in:2</P>
  </Line>
  <Line>
    <P Name="ZOrder">4</P>
    <P Name="Src">237#out:1</P>
    <P Name="Dst">219#in:1</P>
  </Line>
  <Line>
    <P Name="Name">&lt;delta_e&gt;</P>
    <P Name="ZOrder">5</P>
    <P Name="Labels">[0, 0]</P>
    <P Name="Src">218#out:1</P>
    <P Name="Dst">240#in:1</P>
  </Line>
  <Line>
    <P Name="ZOrder">6</P>
    <P Name="Src">219#out:1</P>
    <P Name="Dst">218#in:1</P>
  </Line>
  <Line>
    <P Name="ZOrder">7</P>
    <P Name="Src">237#out:3</P>
    <P Name="Dst">238#in:1</P>
  </Line>
  <Line>
    <P Name="Name">&lt;delta_a&gt;</P>
    <P Name="ZOrder">8</P>
    <P Name="Labels">[0, 0]</P>
    <P Name="Src">218#out:2</P>
    <P Name="Dst">346#in:1</P>
  </Line>
  <Line>
    <P Name="ZOrder">9</P>
    <P Name="Src">346#out:1</P>
    <P Name="Dst">239#in:1</P>
  </Line>
</System>
