<?xml version="1.0" encoding="utf-8"?>
<System>
  <P Name="Location">[-1, -8, 1921, 1041]</P>
  <Block BlockType="Inport" Name="XThrust" SID="141">
    <P Name="Position">[100, 288, 130, 302]</P>
    <P Name="ZOrder">123</P>
  </Block>
  <Block BlockType="Demux" Name="Demux2" SID="26">
    <PortCounts in="1" out="6"/>
    <P Name="Position">[360, 187, 365, 398]</P>
    <P Name="ZOrder">26</P>
    <P Name="Outputs">6</P>
  </Block>
  <Block BlockType="Mux" Name="Mux" SID="28">
    <PortCounts in="3" out="1"/>
    <P Name="Position">[445, 292, 450, 398]</P>
    <P Name="ZOrder">28</P>
    <P Name="Inputs">3</P>
    <P Name="DisplayOption">bar</P>
    <PortProperties>
      <Port Type="out" Index="1">
        <P Name="Name">MT</P>
      </Port>
    </PortProperties>
  </Block>
  <Block BlockType="Mux" Name="Mux1" SID="29">
    <PortCounts in="3" out="1"/>
    <P Name="Position">[445, 187, 450, 293]</P>
    <P Name="ZOrder">29</P>
    <P Name="Inputs">3</P>
    <P Name="DisplayOption">bar</P>
    <PortProperties>
      <Port Type="out" Index="1">
        <P Name="Name">FT</P>
      </Port>
    </PortProperties>
  </Block>
  <Block BlockType="MATLABFcn" Name="ThrustFM" SID="121">
    <PortCounts in="1" out="1"/>
    <P Name="Position">[185, 280, 255, 310]</P>
    <P Name="ZOrder">122</P>
    <P Name="MATLABFcn">thrustFM</P>
  </Block>
  <Block BlockType="Outport" Name="FT" SID="142">
    <P Name="Position">[610, 233, 640, 247]</P>
    <P Name="ZOrder">124</P>
  </Block>
  <Block BlockType="Outport" Name="MT" SID="143">
    <P Name="Position">[610, 338, 640, 352]</P>
    <P Name="ZOrder">125</P>
    <P Name="Port">2</P>
  </Block>
  <Line>
    <P Name="ZOrder">268</P>
    <P Name="Src">26#out:2</P>
    <P Name="Points">[-5, 0]</P>
    <P Name="Dst">29#in:2</P>
  </Line>
  <Line>
    <P Name="ZOrder">192</P>
    <P Name="Src">26#out:1</P>
    <P Name="Points">[-5, 0]</P>
    <P Name="Dst">29#in:1</P>
  </Line>
  <Line>
    <P Name="Name">MT</P>
    <P Name="ZOrder">337</P>
    <P Name="Labels">[0, 0]</P>
    <P Name="Src">28#out:1</P>
    <P Name="Dst">143#in:1</P>
  </Line>
  <Line>
    <P Name="ZOrder">332</P>
    <P Name="Src">121#out:1</P>
    <P Name="Dst">26#in:1</P>
  </Line>
  <Line>
    <P Name="ZOrder">267</P>
    <P Name="Src">26#out:3</P>
    <P Name="Points">[-5, 0]</P>
    <P Name="Dst">29#in:3</P>
  </Line>
  <Line>
    <P Name="ZOrder">249</P>
    <P Name="Src">26#out:4</P>
    <P Name="Points">[-5, 0]</P>
    <P Name="Dst">28#in:1</P>
  </Line>
  <Line>
    <P Name="ZOrder">248</P>
    <P Name="Src">26#out:5</P>
    <P Name="Points">[-5, 0]</P>
    <P Name="Dst">28#in:2</P>
  </Line>
  <Line>
    <P Name="ZOrder">262</P>
    <P Name="Src">26#out:6</P>
    <P Name="Points">[-5, 0]</P>
    <P Name="Dst">28#in:3</P>
  </Line>
  <Line>
    <P Name="ZOrder">335</P>
    <P Name="Src">141#out:1</P>
    <P Name="Dst">121#in:1</P>
  </Line>
  <Line>
    <P Name="Name">FT</P>
    <P Name="ZOrder">336</P>
    <P Name="Labels">[0, 0]</P>
    <P Name="Src">29#out:1</P>
    <P Name="Dst">142#in:1</P>
  </Line>
</System>
