<?xml version="1.0" encoding="utf-8"?>
<System>
  <P Name="Location">[-1, -8, 1921, 1041]</P>
  <P Name="Open">on</P>
  <P Name="ZoomFactor">83</P>
  <Block BlockType="Inport" Name="XAero" SID="137">
    <P Name="Position">[-525, 123, -495, 137]</P>
    <P Name="ZOrder">33</P>
  </Block>
  <Block BlockType="MATLABFcn" Name="Aero1" SID="249">
    <PortCounts in="1" out="1"/>
    <P Name="Position">[-170, 115, -100, 145]</P>
    <P Name="ZOrder">38</P>
    <P Name="MATLABFcn">aeroFM_2</P>
  </Block>
  <Block BlockType="Demux" Name="Demux" SID="24">
    <PortCounts in="1" out="6"/>
    <P Name="Position">[130, 22, 135, 233]</P>
    <P Name="ZOrder">24</P>
    <P Name="Outputs">6</P>
  </Block>
  <Block BlockType="Mux" Name="Mux2" SID="30">
    <PortCounts in="3" out="1"/>
    <P Name="Position">[300, 127, 305, 233]</P>
    <P Name="ZOrder">30</P>
    <P Name="Inputs">3</P>
    <P Name="DisplayOption">bar</P>
    <PortProperties>
      <Port Type="out" Index="1">
        <P Name="Name">MA</P>
      </Port>
    </PortProperties>
  </Block>
  <Block BlockType="Mux" Name="Mux3" SID="32">
    <PortCounts in="3" out="1"/>
    <P Name="Position">[300, 22, 305, 128]</P>
    <P Name="ZOrder">32</P>
    <P Name="Inputs">3</P>
    <P Name="DisplayOption">bar</P>
    <PortProperties>
      <Port Type="out" Index="1">
        <P Name="Name">FA</P>
      </Port>
    </PortProperties>
  </Block>
  <Block BlockType="Outport" Name="FA" SID="138">
    <P Name="Position">[545, 68, 575, 82]</P>
    <P Name="ZOrder">34</P>
  </Block>
  <Block BlockType="Outport" Name="MA" SID="139">
    <P Name="Position">[545, 173, 575, 187]</P>
    <P Name="ZOrder">35</P>
    <P Name="Port">2</P>
  </Block>
  <Line>
    <P Name="ZOrder">263</P>
    <P Name="Src">24#out:2</P>
    <P Name="Dst">32#in:2</P>
  </Line>
  <Line>
    <P Name="ZOrder">257</P>
    <P Name="Src">24#out:5</P>
    <P Name="Dst">30#in:2</P>
  </Line>
  <Line>
    <P Name="ZOrder">260</P>
    <P Name="Src">24#out:4</P>
    <P Name="Dst">30#in:1</P>
  </Line>
  <Line>
    <P Name="ZOrder">334</P>
    <P Name="Src">249#out:1</P>
    <P Name="Dst">24#in:1</P>
  </Line>
  <Line>
    <P Name="ZOrder">261</P>
    <P Name="Src">24#out:1</P>
    <P Name="Dst">32#in:1</P>
  </Line>
  <Line>
    <P Name="ZOrder">265</P>
    <P Name="Src">24#out:6</P>
    <P Name="Dst">30#in:3</P>
  </Line>
  <Line>
    <P Name="ZOrder">266</P>
    <P Name="Src">24#out:3</P>
    <P Name="Dst">32#in:3</P>
  </Line>
  <Line>
    <P Name="ZOrder">316</P>
    <P Name="Src">137#out:1</P>
    <P Name="Dst">249#in:1</P>
  </Line>
  <Line>
    <P Name="Name">MA</P>
    <P Name="ZOrder">312</P>
    <P Name="Labels">[0, 0]</P>
    <P Name="Src">30#out:1</P>
    <P Name="Dst">139#in:1</P>
  </Line>
  <Line>
    <P Name="Name">FA</P>
    <P Name="ZOrder">311</P>
    <P Name="Labels">[0, 0]</P>
    <P Name="Src">32#out:1</P>
    <P Name="Dst">138#in:1</P>
  </Line>
</System>
