alpha,alpha_dot,beta,beta_dot,P,Q,R,M,h,delta_a,delta_e,delta_r,CD,CC,CL,Cl,Cm,Cn,CD_a,CD_a_dot,CD_b,CD_P,CD_Q,CD_R,CD_delta_a,CD_delta_e,CD_delta_r,CC_a,CC_b,CC_b_dot,CC_P,CC_Q,CC_R,CC_delta_a,CC_delta_e,CC_delta_r,CL_a,CL_a_dot,CL_b,CL_P,CL_Q,CL_R,CL_delta_a,CL_delta_e,CL_delta_r,Cl_a,Cl_b,Cl_P,Cl_Q,Cl_R, Cl_delta_a,Cl_delta_e,Cl_delta_r,Cm_a,Cm_a_dot,Cm_b,Cm_P,Cm_Q,Cm_R,Cm_delta_a,Cm_delta_e,Cm_delta_r,Cn_a,Cn_b,Cn_b_dot,Cn_P,Cn_Q,Cn_R,Cn_delta_a,Cn_delta_e,Cn_delta_r

-10,0,0,0,0,0,0,0.3,1000,0,-25,0,0.051298639783816,-0.0249129831581082,-0.580561193271489,-0.0172474458872164,0.405030926291969,-0.0160569241275142,-0.436938562726266,-0.298612188725847,-0.0718107307631083,-0.0632808004173608,-0.52609725353637,-0.150117182193377,0.0752671429610219,-0.048137922906491,-0.00940905486780663,0.0574619679644811,-1.06680003600763,3.00824243007836,0.0729726807908603,0.0904217694992209,-1.11216204366984,0.147212333054363,0.0462373854230244,-0.251506537112603,3.35352058120297,3.37947846848724,0.413125650181589,0.433957180594777,3.91516203833285,0.614838057624895,-0.376735269659312,-0.0457101247597347,0.0370809946304007,-0.00301003205062378,0.128022102723023,-0.285264941185431,0.0100912186035179,0.135032325412555,0.116287865855741,0.0313555232938148,0.0498005456943396,-2.35605943726513,2.15244543119105,-0.619744171373449,-0.622790346580786,-5.81321168632633,-0.889039500315063,0.54981079748051,0.0567710315435566,-0.0597669752661067,0.0625495080935901,-0.574529568717341,1.98934917340865,0.194933758613449,0.121572081042273,-0.591361486045374,-0.0197191482726594,0.02774363193455,-0.193885386255387
-8.83333333333333,0,0,0,0,0,0,0.3,1000,0,-25,0,0.043299507698583,-0.0239721535843974,-0.515660517723351,-0.0176033631379081,0.363161264173225,-0.0188304628767272,-0.382037477995242,-0.283521413751445,0.096644227791029,-0.00236720460752866,-0.471836855946079,-0.0989486839625222,0.0057976943735466,-0.0521405853703971,-0.00390245849517246,0.0371749851645412,-0.440168012810736,3.00824243007836,0.0382024370456326,0.0768465988532688,-1.42109774884355,0.101924386685624,0.0454825494161648,-0.242863596831844,3.38420827597052,3.37650025996741,-0.246774024446061,0.0482260417288746,3.89393000995677,0.161267941443161,-0.00299415954918558,-0.0239876812180295,0.00970498224894811,-0.00473284841116806,0.0882096404980146,-0.307903540916291,0.0110046782888976,0.109161103512255,0.138371822732096,0.0328818500827666,0.0474381339648361,-2.37255148198723,2.15244543119105,0.415208898533748,-0.0793583264990324,-5.77066061375055,-0.274884210357564,0.0086172399665907,0.0262184314853142,-0.0192707483032128,0.0501329103138812,-0.143778511311303,1.98934917340865,-0.0058993003712413,0.105818703282544,-1.13961927913011,0.0944709169478294,0.0348205410533736,-0.197399209999061
-7.66666666666667,0,0,0,0,0,0,0.3,1000,0,-25,0,0.0356879224197157,-0.0252527861864143,-0.447116713201098,-0.017281017312854,0.316944347401035,-0.0194577644130398,-0.325393711768027,-0.269323351180898,-0.0100848133851444,0.0536917861278711,-0.421008623698534,0.0453406326419333,-0.0276240076836631,-0.0533566695781751,-0.00193553776083044,0.0380501473826178,-1.02795952411434,3.00824243007836,0.0952303470129602,0.0742201080829745,-1.06327678286352,0.138775679408149,0.0492729098591771,-0.242335491019464,3.42103072431821,3.37422196092264,-0.0376752457270646,-0.0267123966729683,3.87191185107499,-0.0851068327026757,0.0268949237985927,-0.0186397117879489,0.00720850862001576,-0.00709506437338026,0.134817284932198,-0.307789202368757,0.0131980624889219,0.0887276251858304,0.13500287105072,0.0330965315970683,0.0469970038129847,-2.40406633452317,2.15244543119105,0.0406755763954214,0.0651934782742727,-5.72299021394111,0.182468940756308,-0.0498699894058152,0.0185465240115645,-0.0142885712456353,0.0509494926449056,-0.638712361699934,1.98934917340865,0.0685269665130473,0.101810361917285,-0.799845470899781,0.102297941513597,0.0371009589919535,-0.195768215361554
-6.5,0,0,0,0,0,0,0.3,1000,0,-25,0,0.0291747537518971,-0.0188235259509174,-0.380239589408869,-0.017341314436097,0.274577134178742,-0.0144359790496435,-0.268674579363692,-0.258753312309392,-0.279600528252655,0.125357018599396,-0.360627699471107,0.294881999691453,-0.0640141019654303,-0.05471546026075,0.00024981476814262,0.0448437771708582,-1.63054997968957,3.00824243007836,0.486448023480038,0.0940452661071352,-0.00592670347944791,-0.158318334377572,0.0362428223600608,-0.220640291540633,3.46327987051143,3.37237647547616,0.322163727105029,-0.178533399507807,3.86352221380991,-0.526431329843258,0.123415085693246,-0.011178370449838,0.00197591268069619,-0.0101934947224422,0.147745997165424,-0.325468603733365,0.0148270898492879,0.0487576631106302,0.147643910916387,0.034339927466806,0.0453490297183667,-2.45337788584155,2.15244543119105,-0.734982767446879,0.366610248505364,-5.68647732006795,1.0989743500493,-0.237411807706978,0.00646322632580354,-0.003738779507656,0.0570864873927074,-0.999671951003329,1.98934917340865,0.369213290496468,0.115996324318881,-0.0345077206814359,-0.130900287288824,0.0271096267719095,-0.17844226178898
-5.33333333333333,0,0,0,0,0,0,0.3,1000,0,-25,0,0.023457277156683,-0.0245711958794098,-0.308795521565185,-0.0171994276377866,0.222928505094852,-0.0186488824972485,-0.213139488226544,-0.256057394180805,0.00685449363092144,0.0285135308621023,-0.305674108898898,-0.018884232706977,-0.00276368093764245,-0.0534211706026272,-0.00276841677405298,0.0324617366993796,-1.39638215639955,3.00824243007836,0.14324166714187,0.0835383801806423,-0.746334029253481,0.105642083867569,0.0503347554002553,-0.232015276122738,3.506700263472,3.3707823827352,0.0147912777070935,-0.0158116708788678,3.84870189136148,-0.114249234564647,0.0156849923549363,-0.0136445177417732,0.00710289375926987,-0.0119127374922576,0.124891482250339,-0.307940912982737,0.0183732959389903,0.089191888741996,0.1363201483396,0.0345349985528959,0.0451456645347154,-2.49899555988753,2.15244543119105,-0.019327536353031,0.0338145183868164,-5.66735813065431,0.200404554759519,-0.0225958041796814,0.0141272805204151,-0.0141367897732447,0.047896160973171,-0.8237140661101,1.98934917340865,0.117761341071139,0.107190930022505,-0.594210210541299,0.0642085174568097,0.0374726306675774,-0.186689578667888
-4.16666666666667,0,0,0,0,0,0,0.3,1000,0,-25,0,0.0201278014681514,-0.0260506780092634,-0.234406669482169,-0.0177650894246509,0.165823725318093,-0.0193220256886511,-0.157954444357407,-0.289189783642928,0.0231569379801136,0.0610928986459685,-0.241502932862375,0.0368624051051458,-0.0415765390258949,-0.0569225292034944,-0.000755796599506697,0.0338388880853288,-1.54644731829533,3.00824243007836,0.0777374291525575,0.0718536887316886,-0.787257063989293,0.143653278240792,0.0534795121581028,-0.23056610709931,3.49459422669646,3.36787970306989,0.0318449988426228,-0.00656542601883069,3.88314343551212,-0.107420755219043,0.00204835989975338,-0.00943032233691188,0.00743120631585548,-0.00666075994765897,0.129687622611209,-0.302106486609879,0.0163667684767447,0.0927735827789341,0.133888340966316,0.0348228041137377,0.0444241614652729,-2.4358834806934,2.15244543119105,-0.0486424677698105,0.0181791249893237,-5.73852548771896,0.191101600242605,-0.00179463610999742,0.0080591511872341,-0.01448346621441,0.0478153625076486,-0.840648113085221,1.98934917340865,0.068527636649045,0.0997703965355504,-0.673432223434931,0.0837862170685252,0.0390746680639306,-0.18479364169207
-3,0,0,0,0,0,0,0.3,1000,0,-25,0,0.0167600670832484,-0.0274707722323627,-0.161017399882607,-0.0180404856123667,0.111224643328727,-0.0213529782478479,-0.114911707865158,-0.350389675117827,-0.261642996398949,0.0197052441798687,-0.163530978208534,0.059696763305204,0.0406420185156131,-0.0545399058334353,-0.00561556529797558,0.0255522393437582,-5.93533036972405,3.00824243007836,0.639247658583077,0.0770000943088195,2.11601787657607,0.134241106699642,0.0555844665963562,-0.234496560999192,3.50326617489405,3.3662654303797,0.742861170402176,0.0130871323992488,3.88011564830207,-0.397800440259993,-0.107487661119565,-0.00938531392213893,0.0137120435983462,-0.00458218986344738,0.427734393960398,-0.345345561136469,0.0177059964404311,-0.107462796635145,0.138848530170065,0.0349630916531007,0.0440031242030653,-2.42715892540546,2.15244543119105,-1.61068581972151,-0.0436325852998499,-5.72973289080685,0.791421617443306,0.248915587213183,0.0124750924880568,-0.029150403928202,0.0388191675362512,-4.44119529467109,1.98934917340865,0.466862273006291,0.104221416300659,1.60212096390047,0.121494704010371,0.0429353647509248,-0.190832293402096
-1.83333333333333,0,0,0,0,0,0,0.3,1000,0,-25,0,0.0166392884287471,-0.0170563764137761,-0.0924404238183179,-0.0187786273366687,0.0675030711009507,-0.0126542110179258,-0.0711351360772883,-0.605223214761545,-0.125924223477042,0.104272110543346,-0.0959933874151083,0.201739373604146,-0.0744592686614809,-0.0616133556580536,0.00105974288237137,0.0494632473203166,-1.43400269455279,3.00824243007836,0.477128459762374,0.1052098780573,0.219806414382061,-0.295973186037884,0.0328118573988956,-0.195685888809694,3.50153906438389,3.36234873966029,0.242466734288321,-0.146264498654225,3.89184300671935,-0.564646738402648,0.119118336323054,0.00605193377190005,-0.000384826916166592,-0.00214097260968493,0.0845646274328857,-0.320529301159322,0.0161999948854964,0.0643462296293653,0.158960203514649,0.0363269251517362,0.0412162484632675,-2.40636959784518,2.15244543119105,-0.533251391496015,0.301709184244705,-5.74481200379062,1.14771944450765,-0.241683300072904,-0.017573964136014,0.00126618473400564,0.0582418040184773,-1.11358694598877,1.98934917340865,0.398651664894877,0.130207304164557,0.305539865375619,-0.243354892852082,0.0241832662641224,-0.159238323744343
-0.666666666666666,0,0,0,0,0,0,0.3,1000,0,-25,0,0.0148221876123961,-0.0263967897415505,-0.0184607098628812,-0.0183989355925019,0.0130227483298279,-0.0195897471272648,-0.0134024341862451,-2.68887189000841,0.00235066781277896,0.0491232619961887,-0.0235972621996784,0.00934964106464826,-0.0239886366096981,-0.0586117829030203,-0.00138995932473865,0.0321140801986391,-0.879787276364744,3.00824243007836,0.118082221069533,0.073444567470541,-1.0544411722685,0.115928461947058,0.0528456103942102,-0.212672808735624,3.4767026415556,3.34893101598502,-0.127074860904984,0.00160318585973644,3.92574275056384,-0.0485801645894914,-0.0208922460627828,0.00363960688087861,0.0057253580392283,0.000753920453323842,0.0887112495336767,-0.305594047652206,0.014000362113328,0.105928481282623,0.138512215249117,0.0354690593494869,0.0414308076371328,-2.37008384369864,2.15244543119105,0.2305948214258,-0.00507379258803535,-5.79962823460632,0.0865578102050859,0.0437840748411522,-0.00951973432649494,-0.0112357064254755,0.0429561785174337,-0.397178544483193,1.98934917340865,0.0925764285267079,0.103324319465437,-0.852557471825712,0.0690367792441707,0.039176600605019,-0.171350690121169
0.5,0,0,0,0,0,0,0.3,1000,0,-25,0,0.0151489773060409,-0.0282944164810729,0.0524632189322666,-0.0183260837024124,-0.0361232462540769,-0.0209933476646622,0.0425744609732458,0.973570330753425,0.0110855077947031,0.0456514141587883,0.0306100647959898,0.00278251329538813,-0.0209718883946615,-0.0589538461528809,-0.0012030956410107,0.0372582943655025,-0.847136606700778,3.00824243007836,-0.0190182662136627,0.066560974041322,-1.15604472733577,0.168500231103423,0.0569955244683618,-0.210903588414718,3.4751355921521,3.37162254430921,-0.0537399107269909,0.0217092519661634,3.93534420094803,-0.0766492081636999,-0.0386581918507267,0.00692683667091742,0.00622455263062094,0.00425117197597191,0.0592969024253501,-0.295368017498396,0.0117481647250015,0.12549581709387,0.135501807191733,0.0353051487285427,0.040565760991533,-2.36967568673925,2.15244543119105,0.0916607772465106,-0.0443058631342043,-5.81261333844787,0.139021692030016,0.0776356549058582,-0.0132020063223215,-0.0121035317929286,0.0460548227300059,-0.386183003176707,1.98934917340865,0.00221272918017765,0.0981920256529486,-0.922418702326177,0.104859735652989,0.0423893149921473,-0.169720236429492
1.66666666666667,0,0,0,0,0,0,0.3,1000,0,-25,0,0.0164933520322431,-0.0310973447435874,0.124529258905649,-0.0180917914261286,-0.0870591113586693,-0.0230331725415632,0.0918061649449881,0.446134962769763,-0.0627052497625263,0.0497590968097097,0.0917685061233431,0.0467048775761442,-0.0171799614736082,-0.0590419893646207,-0.00106091089822902,0.0373221873619517,-0.75149246291626,3.00824243007836,-0.148546609947866,0.0580748308954797,-1.43174528404011,0.259197273487777,0.0630658798525877,-0.211463505790342,3.50356693512535,3.36843936738929,0.0196461033569184,0.0255106103113548,3.90632605875776,-0.096728590730233,-0.0568855484149589,0.00991653002491155,0.00664984371359645,0.00571578229264375,0.0432936606206691,-0.29222153011619,0.00988156394848024,0.145472042025593,0.130308345523203,0.0349358534816255,0.039881538983523,-2.41607688435286,2.15244543119105,-0.0545254769741821,-0.0514366485543764,-5.75928755243522,0.179884514133044,0.111223662383336,-0.0163024680396862,-0.0128798617198,0.0455793781072023,-0.250098230509671,1.98934917340865,-0.0755908031921393,0.0919755352527798,-1.16483373743546,0.167241871053478,0.0468916296216676,-0.169558193731864
2.83333333333333,0,0,0,0,0,0,0.3,1000,0,-25,0,0.019138640911034,-0.0526764563377862,0.198552194178524,-0.0168859870093865,-0.142169210800963,-0.0395625062094448,0.138719436144595,0.324650570876072,-0.170359392255189,0.078071737134974,0.156270089459756,0.266215688431267,-0.0680794365769122,-0.0604042052850667,0.000887626954680643,0.033474973072864,6.53464959159682,3.00824243007836,-0.837971978761976,-0.00445456305631585,-8.45609034704438,1.23497339596421,0.109483834537377,-0.24499931305072,3.51021250051625,3.36805959672879,-0.751015268973254,0.100396195153486,3.9216340205447,0.606912244899695,-0.151352449228037,0.00877497659756976,0.0106462698395982,0.0106900100799168,-0.498131250530366,-0.235280508149188,0.0135859422029937,0.602287819410824,0.0841098909422355,0.0327913296245194,0.0403943332379086,-2.45061522294115,2.15244543119105,1.37761043586843,-0.202750546398422,-5.79052342401847,-1.13953781329202,0.290423607254287,-0.0114367530432147,-0.0210245960138855,0.0459169869900661,5.18579621409256,1.98934917340865,-0.624870696120046,0.0454694006242748,-6.44448189197822,0.913414184876768,0.0824540935672607,-0.195293276406133
4,0,0,0,0,0,0,0.3,1000,0,-25,0,0.020267772906571,-0.0260370243696986,0.268653922918251,-0.01779155078146,-0.19024146996505,-0.0183537171292157,0.188503929623093,0.254274269213152,-0.112601970906935,-0.0756101369981303,0.214599741647372,-0.195942922222884,0.104868596539458,-0.0510587049890043,-0.00584960016525998,0.0464304184154621,-0.893591682272765,3.00824243007836,0.188375867355522,0.0680093282700044,-0.837541857533054,0.0124940758942232,0.0535869396313393,-0.191393220577638,3.50235869199911,3.37046306154029,0.0142085167875727,0.057386082774239,3.9176564442887,-0.049336021465233,-0.0859970281635869,0.0164529971258265,0.00687674278465611,0.0120535779900635,0.0917001898189523,-0.304065253010921,0.0106663430091645,0.0852061578382776,0.141998837937946,0.0353330950722541,0.0376248138528323,-2.46279925371212,2.15244543119105,-0.0519425703737753,-0.117659521454947,-5.78491103520089,0.094237478127672,0.165155380411619,-0.0237982054487884,-0.0131866157640492,0.0557548010126155,-0.432662644996931,1.98934917340865,0.18994966563914,0.100384006707091,-0.588013264057357,-0.0525634203169326,0.038232787559038,-0.15240555708524
5.16666666666667,0,0,0,0,0,0,0.3,1000,0,-25,0,0.0268299979325278,-0.0184569881824502,0.338251639230312,-0.018059295124525,-0.238284974768808,-0.0164910855643278,0.238990862871345,0.267276395191874,0.379263238332074,0.111561216735873,0.278069325572439,-0.163189199524807,-0.0609770587531311,-0.0601266426028188,0.00135361197171197,0.0609872195305242,1.96993935535919,3.00824243007836,0.615174487028881,0.0768983840329467,-2.10471680980261,-0.275565432082472,0.0381892910616619,-0.168172569916317,3.48790498814311,3.3696118437495,-0.836481005802026,-0.112482620785574,3.91605997328105,0.250526175960959,0.0330611680926518,0.0287699979961697,-0.000266514334490431,0.0110254905432566,-0.171538909212246,-0.333377344992049,0.00991720663836909,0.219612973849802,0.159183207884897,0.0364370671895875,0.0354553720839645,-2.46571728925976,2.15244543119105,1.29494196253188,0.161617488677657,-5.78365589464858,-0.356797757896401,-0.0339058476880871,-0.0431470270356726,-0.00114558885822014,0.0642951114071186,1.16405032859961,1.98934917340865,0.345189273782026,0.097977102887678,-1.51877522655451,-0.118578623243548,0.0351345006591175,-0.14345144111836
6.33333333333333,0,0,0,0,0,0,0.3,1000,0,-25,0,0.0320229176979368,-0.0281856269037501,0.410408518016508,-0.0174172629380895,-0.290501541471547,-0.02154058729676,0.295821548912112,0.263071446957556,-0.00258459964048996,0.0584702397918412,0.341564055852813,0.0359303093294046,-0.0359572443608958,-0.0574796182328807,-8.0352221473734e-05,0.0423174353546274,-1.11283448688018,3.00824243007836,0.165298876857768,0.052640556252209,-0.802739531198254,0.041268102284088,0.0587104671550751,-0.186490388809149,3.45269404568749,3.37154670591633,-0.0172580840190895,-0.00333336434313145,3.89754003887141,-0.1457402545161,-0.0343859568147087,0.0272953101609907,0.00435118929220657,0.00960806348034721,0.114999901682199,-0.303197388059383,0.00732268121009014,0.0736783302945887,0.139755197612022,0.0349592349389513,0.036214652024448,-2.43128918712254,2.15244543119105,0.0285233391567052,-0.0034932010760849,-5.74781692839877,0.252653616450916,0.071584828045812,-0.0391689912371262,-0.00842842504233943,0.0510858056139429,-0.778214168217495,1.98934917340865,0.0937059432354902,0.0816285712690983,-0.583304681641058,0.0304993991278452,0.0457546493141947,-0.151768682924124
7.5,0,0,0,0,0,0,0.3,1000,0,-25,0,0.039548101330778,-0.0317595375487758,0.481928172283949,-0.0169217247765331,-0.342727550222847,-0.023650479725562,0.34619649690204,0.276772768725049,0.108942284169078,0.16145332019501,0.388572037238294,0.161216517930938,-0.143695988790021,-0.0606668488367657,0.00202189793990781,0.0434154528054093,-0.786735551571646,3.00824243007836,-0.0160102047137259,0.0631691419380322,-1.34580604625843,0.164108497319529,0.0671065612048438,-0.189301580603082,3.44698470856775,3.37271803402166,-0.129410634540639,-0.0495238945749714,3.94864852958539,-0.208595018956323,0.0334887973935105,0.0341089644761983,0.00311849719270008,0.0125941425244483,0.0199679864031771,-0.281792230458338,0.0155156816972533,0.151364724049901,0.131978462060943,0.0345311764263917,0.0356968340682606,-2.46032796003937,2.15244543119105,0.215774283084391,0.0529004450431144,-5.85546104378551,0.341173177915059,-0.0293577837268133,-0.048739380391627,-0.00655062112886462,0.0540032208014643,-0.330388203070887,1.98934917340865,-0.0120004679518518,0.0937137275254233,-1.08857582321451,0.10561019404623,0.0510487333209644,-0.152527308961217
8.66666666666667,0,0,0,0,0,0,0.3,1000,0,-25,0,0.0670919725527863,0.0392440488875677,0.535221368009462,-0.0322833337603402,-0.345036526891757,0.0346197242369414,0.388577025643017,0.420552387405866,32.5019262150532,0.494685044216646,0.434821240763806,-14.3767325382582,-1.16539974364324,-0.146315015533555,0.0939548611030017,0.0577188110804233,73.3988444725322,3.00824243007836,-0.934594268053686,0.0301616451725237,-38.0610403357598,-1.59934214957226,-0.0940387333370901,0.0411715739380425,3.42975234104537,3.35492631297908,-29.1997482033801,-0.260334070148675,3.96680002517191,13.0142615307221,0.90270509740642,0.113529873495555,-0.0786404175145972,0.00736317809633957,-13.225919468184,-0.278588914764258,0.0191468059248727,6.48697978936978,0.545694653963993,0.0692632527379139,-0.010447965757901,-2.47910712130872,2.15244543119105,79.1967092959917,0.777989489101519,-5.91025126739645,-35.2950737370921,-2.5466732076862,-0.265329906321554,0.218680815580186,0.0639091779639639,59.1838230805024,1.98934917340865,-0.605721446043092,0.0694903905627786,-30.372600138582,-1.35674914370991,-0.0808086486308451,0.0348462402129796
9.83333333333333,0,0,0,0,0,0,0.3,1000,0,-25,0,0.0556302943061104,-0.0240151432579406,0.623129885855889,-0.0172860414676326,-0.443956765748864,-0.0169592851957383,0.457164280761521,0.301583128203936,0.00987136313343462,0.0524899604617948,0.506913226576087,0.0042731095566356,-0.0288816888562721,-0.0545739792792016,-0.000112661225626365,0.0393082167239253,-0.553984517870955,3.00824243007836,0.335159438480206,0.0822947935591639,-0.703420770069968,-0.190268125056757,0.0505918837310354,-0.166375529842312,3.38745422329589,3.37811371659666,-0.0887702993213058,0.013957863237406,3.9462340191676,-0.121248216280995,-0.0368440942544179,0.0393171040491413,0.00304900385161844,0.0117074834601882,0.0184956251986224,-0.310498899489545,0.0152288603616835,0.0936073676651337,0.158305414310576,0.0356643371690266,0.0333060307526611,-2.43296625051181,2.15244543119105,0.155670729714563,-0.0400171277400298,-5.86658799127637,0.223627402272857,0.0741578347118743,-0.0552025259875633,-0.00572252551844787,0.050723102436763,-0.135797395787694,1.98934917340865,0.290831930826227,0.110008112293974,-0.538776897928583,-0.194254177613186,0.0371469164684585,-0.133323591730641
11,0,0,0,0,0,0,0.3,1000,0,-25,0,0.0617161965266007,-0.0316181077936773,0.695247910261664,-0.0167811344034574,-0.498069120018414,-0.0218057995907457,0.515013327522587,0.300468209748194,-0.411668297599158,-0.270712451528585,0.566244219107035,-0.433951557807847,0.292568429366702,-0.0345992537097162,-0.00876558967299879,0.0286425659089956,-1.09247024544637,3.00824243007836,0.146017312881418,0.077301873204219,-0.951875010269732,0.0341756626625472,0.0660516480369827,-0.176611370989663,3.35394074277962,3.3848471987002,0.151095057087103,0.185078526810438,3.95798035213266,0.0925291089569553,-0.207439667209153,0.0327747060369088,0.00773386466978998,0.0122049480802064,0.0653716435907586,-0.302446919583795,0.0174496767922724,0.0957096973902377,0.14467015934827,0.0346095218872397,0.0336183628113496,-2.41835023239767,2.15244543119105,-0.252922920820908,-0.330091163887006,-5.89507603789481,-0.137026922269525,0.362232205878277,-0.042427461370842,-0.0134437677001831,0.0442090844610457,-0.464447313607147,1.98934917340865,0.181044651032766,0.108243613430065,-0.699170514795177,-0.0557848633624819,0.0471422370727087,-0.139350911605961
12.1666666666667,0,0,0,0,0,0,0.3,1000,0,-25,0,0.0708008243388011,-0.0582593013164338,0.766270489600515,-0.0155906248681874,-0.551453406453149,-0.0336278152646498,0.568502500929019,0.31323575124322,-1.06337419919514,-0.43632203547422,0.608697563555851,-0.407063321415331,0.425497742432279,-0.0244353038129919,-0.0214502362448632,-0.0241021155866772,-3.54295914069248,3.00824243007836,-0.711140295869488,0.0634820803853508,-1.55453176045895,0.871974808644149,0.119575472450201,-0.219583116989469,3.32080035658544,3.39012030872622,0.362517550713815,0.29574627425841,3.97404622414965,0.156756908046934,-0.299539516587233,0.0306229617086373,0.0145526247430361,0.0168222298860266,0.195435540588981,-0.275234603119168,0.0176205851003498,0.0987703117485976,0.110586042722169,0.0321089422102884,0.0351274023604672,-2.40722575264862,2.15244543119105,-0.72426287877958,-0.57038309535699,-5.93483573012037,-0.314481974907296,0.566277637870094,-0.0339925141445985,-0.0286808671035033,0.0167082561922105,-1.51372107561824,1.98934917340865,-0.164601253031017,0.10821691248042,-0.97641348907209,0.302989526120567,0.0706734676255566,-0.157299722735454
13.3333333333333,0,0,0,0,0,0,0.3,1000,0,-25,0,0.0900397743738314,-0.0237891645625226,0.833108958964707,-0.0162067099414396,-0.597881142677638,-0.0226295377920847,0.622626582347519,0.366042000921911,-0.00323079662578607,0.0349161307515695,0.674371314981089,-0.0300221417997385,-0.0109884354450307,-0.0503283546764155,-0.000969413471441083,0.0587776406831345,0.0932618595363491,3.00824243007836,0.411057901664987,0.0784631480160658,-1.01484307593129,-0.280906526768758,0.0504198288977034,-0.156857515745991,3.29173395956173,3.38686844170992,-0.0888024898171302,0.0301062242383716,3.97028778444913,-0.0423267234154995,-0.0568154064095605,0.0491029998406223,0.00437528619556815,0.00999943456366642,-0.23029286021773,-0.290652347001613,0.0214474554128906,0.310521990399969,0.139346594982687,0.0341060990449379,0.0328716552793276,-2.40754884861083,2.15244543119105,0.138612026443496,-0.107654906557151,-5.93553995952928,0.0142275380928501,0.145744075148446,-0.0649742449032598,-0.0093056263406055,0.0578597781096188,0.549240672645147,1.98934917340865,0.168036861518977,0.0991925782408261,-1.42703261571454,-0.0665287885759022,0.0493170165214926,-0.135170468180124
14.5,0,0,0,0,0,0,0.3,1000,0,-25,0,0.104163692517166,-0.0332206530965247,0.902850773173951,-0.0154960472998633,-0.649408720589721,-0.0261761553151684,0.67866891446805,0.39111604969696,0.000479207487580346,0.0429842092349723,0.732662278960074,-0.00681169237033328,-0.020462656331599,-0.0488373684097432,-4.09368952625222e-05,0.0348674533765664,-0.710764139518413,3.00824243007836,0.174150214384411,0.0632876498218426,-1.26321616274152,-0.00753200499047091,0.0693913772543964,-0.169889676454663,3.25627070794532,3.39004329950621,-0.0470126190998954,0.0391863156169175,3.96457983480469,-0.0797501846651739,-0.0591544061001592,0.0517172048031256,0.00397272414631722,0.0125586452831561,0.00373293912177275,-0.283933168124131,0.0208639951419596,0.182557206366789,0.128919042503145,0.0328962129440662,0.0335232430227934,-2.39941294370438,2.15244543119105,0.0711242510165189,-0.101594246773125,-5.93327366057065,0.135756366198447,0.125295178553531,-0.0695357908364613,-0.00762437001311511,0.0439165669100655,-0.352990124640913,1.98934917340865,0.0908378504630694,0.0936482724521185,-1.08637061874764,0.018149370659519,0.0565967770468565,-0.139529148582389
15.6666666666667,0,0,0,0,0,0,0.3,1000,0,-25,0,0.119485015026524,-0.0336555891417517,0.971528900497934,-0.0152779591141121,-0.700179359479463,-0.0262371039587198,0.734153825239781,0.417337576131173,-0.00647535401049337,0.0460147704284858,0.788784234644406,-0.00122788342601405,-0.0221999322708166,-0.0472214599905874,-3.59731172627775e-05,0.0335205357919477,-0.825330725680931,3.00824243007836,0.232874067676447,0.0659288743161154,-1.21131504753914,-0.0254230942189904,0.0701896654192041,-0.167897353322358,3.21917847405651,3.39335871017119,-0.0403976223173341,0.0289728648135245,3.962064657526,-0.0924102026253626,-0.0513454921613477,0.0558922467552847,0.00374698724714406,0.0130112047836382,0.0202090885627164,-0.298409355682829,0.020937379318683,0.161733078036936,0.132945466165234,0.0328272993834616,0.0331826337166517,-2.39163742647541,2.15244543119105,0.0451389601174856,-0.0803752580731241,-5.93924891256817,0.171022576796562,0.108695544283055,-0.0755618056980101,-0.00723352831633051,0.0434240539390687,-0.417316086372028,1.98934917340865,0.144522647459201,0.0955003128720724,-1.03538062405517,-0.00480559553633214,0.056838242835193,-0.13752532642939
16.8333333333333,0,0,0,0,0,0,0.3,1000,0,-25,0,0.136422673508513,-0.0465005515721236,1.04065113444102,-0.0137049540467795,-0.752732167952775,-0.0360259058102154,0.790044409417212,0.445270380347174,0.0626076818463495,0.0617677060429879,0.84667747417016,0.0168418849166299,-0.0391348784789525,-0.0463717186044432,0.00133050372719268,0.0243278213504089,-1.41084350482108,3.00824243007836,-0.179525704641218,0.0465694410074546,-1.90486738853631,0.331358906315096,0.0955274019996677,-0.183644109741365,3.18014235995312,3.3965844131647,-0.0363838857353471,0.0581010642225462,3.96119250720585,-0.02443172327891,-0.0743592038454644,0.0573805325987387,0.00466366837592602,0.0146159562233565,0.0477490908634692,-0.260936396929512,0.0223870645954754,0.245218007024252,0.0962088042913596,0.0300319235332566,0.0347087112848553,-2.38375317250905,2.15244543119105,0.0355894394887812,-0.146692218273356,-5.95005835212068,0.0192588896290263,0.159585226673364,-0.0760972595603704,-0.00931079083610342,0.0370833790691583,-0.831691290245073,1.98934917340865,-0.157962494453715,0.0806201860388694,-1.58217383989516,0.266140688516131,0.0762564635158058,-0.149436169791309
18,0,0,0,0,0,0,0.3,1000,0,-25,0,0.153943008790716,-0.0344515107087516,1.10793071359273,-0.0146893742452433,-0.802313273681734,-0.0263415235265801,0.844931599983667,0.472475534447928,-0.0234773386392773,0.0452435723191199,0.900962281030043,0.000755343949106347,-0.0202097407211999,-0.0431374712417387,0.000260025998510827,0.0295285933884365,-0.788558248089252,3.00824243007836,0.221248481647948,0.0642840907107722,-1.31196108312336,-0.0579540662150324,0.0714945242204917,-0.162999336119005,3.14093272107963,3.40041525853022,-0.0374634344502134,0.0228380177864853,3.96181600157108,-0.0948580900268739,-0.0445020940031959,0.06315188734618,0.00336902418851537,0.0142084462161594,-0.00407097806614382,-0.303733225843361,0.0219489324664603,0.163394156435217,0.136555162846171,0.0324150928299009,0.0325157889628259,-2.37784580769618,2.15244543119105,0.0276885585059894,-0.0668813013140957,-5.96161684747523,0.190102285661557,0.0940576343932964,-0.085899771662401,-0.00640389720585333,0.0406172292846674,-0.386725008068821,1.98934917340865,0.169331777801109,0.0946494163670221,-1.06239955355889,-0.0467624481822679,0.0571788756523542,-0.132989800822568
19.1666666666667,0,0,0,0,0,0,0.3,1000,0,-25,0,0.22102111314173,-0.0920439320362387,1.12442543217161,-0.00941901457858641,-0.768390979425933,-0.0597200872014435,0.903103427490892,0.658389866527076,5.61326913473936,2.95185535149611,1.10706377352078,3.90824043084299,-2.54365595083461,-0.220917262888087,0.134258964394063,-0.067743422707961,-4.75381257393673,3.00824243007836,-1.60099209781333,-0.0697980315041032,-3.31658121954428,1.53379416917634,0.183809780742727,-0.236423974506045,3.09830720844451,3.34950041506846,-6.3009444435691,-3.27151852690013,3.80608500080795,-4.49458121492077,2.81552918300676,0.265059247577248,-0.138659111579287,0.0262372252889977,0.382640872729177,-0.150445735454758,0.0264270126892545,0.30035745184479,-0.000712604413376922,0.022009207713055,0.0387757779294999,-2.37176381708393,2.15244543119105,10.4954338418473,5.50422239670536,-5.72403474647579,7.56058492957354,-4.73726319697887,-0.423431452772904,0.226204957503029,-0.0243634610076759,-2.7031425620784,1.98934917340865,-0.881343433060674,0.00964126402260011,-2.20734759537541,0.870259810048929,0.122107536268609,-0.174868038737216
20.3333333333333,0,0,0,0,0,0,0.3,1000,0,-25,0,0.193650288142595,-0.039234444021153,1.24208999238281,-0.0135873619771468,-0.903899149149325,-0.0298261516001394,0.953799475597317,0.531287280874889,0.00861090448445179,0.0453789275606829,1.01282181447136,-0.00804364638728555,-0.0224431016657145,-0.0389970962497155,0.000665338980021524,0.0240579514624445,-1.39467517268149,3.00824243007836,0.151773398796219,0.0532045247539605,-1.24896736549661,0.0151621765928645,0.0804873166646014,-0.161102244792127,3.05523076958414,3.40772338107266,-0.0505353173863021,0.0237414014129128,3.96059605961924,-0.0915495617086106,-0.0414733159859182,0.070062346737565,0.00260369885207723,0.0155384464996244,0.0745278503299501,-0.301168177399108,0.0234010392978898,0.138387813950884,0.126720852350083,0.0310178180727358,0.032148874491069,-2.36231150698152,2.15244543119105,0.0841618234115327,-0.0732130150453931,-5.98545215442152,0.157712976482867,0.0893919273803334,-0.0957852495608869,-0.0049808831492637,0.0364228449370452,-0.760885140881143,1.98934917340865,0.120619010587405,0.0865134390098958,-1.05966293271902,0.00368840986662844,0.064031381803234,-0.131106358197512
21.5,0,0,0,0,0,0,0.3,1000,0,-25,0,0.215401453444917,-0.0475739024234748,1.30798795219408,-0.0123341316853504,-0.954176334354973,-0.0359047306602864,1.00702779942619,0.561805394226267,0.0362605214335177,0.0493415015068611,1.06852765761562,-0.0123465036915919,-0.0257937952014009,-0.0367899297409879,0.00117290561929551,0.0159785150886244,-1.95391193947209,3.00824243007836,-0.0988172761138753,0.0352623355265672,-1.53657225504216,0.207930804173168,0.0961514191531038,-0.165957664921557,3.00693667632856,3.4114657787744,-0.0293594979350331,0.0356638282123681,3.95438629390559,-0.0733436630674374,-0.0492645283967086,0.0722736447333894,0.00278124908659194,0.0170562275321126,0.111524372917501,-0.276024747814724,0.0252459427542861,0.179477635062104,0.103642315931567,0.0289989132542037,0.0323928307896515,-2.34979756777554,2.15244543119105,-0.00666654327852179,-0.100921422180994,-5.99076129248514,0.152602895659828,0.105922350160936,-0.0984807773285468,-0.00543859169588323,0.0305246395724407,-1.11197804211698,1.98934917340865,-0.0548139658006378,0.0734123265979558,-1.30533543965631,0.142685013162017,0.0755660133172631,-0.134217696788064
22.6666666666667,0,0,0,0,0,0,0.3,1000,0,-25,0,0.237512012375737,-0.0137004924397788,1.36710464791032,-0.0154600800892184,-0.991969758728082,-0.0135424624207096,1.05802425165641,0.59332071826137,-0.0674596386587845,0.0207843434542519,1.11862120831916,-0.0576282827946133,-0.00269158954152582,-0.0324988284924888,-0.00243126929838633,0.0645143542318469,0.197120057213104,3.00824243007836,0.990842397327041,0.119129774159466,-0.378767426037143,-0.688723583761684,0.0314892008019402,-0.120839522825215,2.95676742594786,3.41511784403317,-0.525486823697019,-0.243477896453123,3.93435330114875,-0.367725312306245,0.173197684534276,0.0937625509833673,-0.00743261633129322,0.011030594360157,-0.145068399763221,-0.39237353004389,0.0214470503158465,0.0670175541118684,0.194119876797266,0.0356410644219637,0.0271958946203299,-2.33679994773417,2.15244543119105,1.1047838086109,0.485161304968886,-5.96844386851284,0.759151650115462,-0.359980366779755,-0.141380357037146,0.0176968339427042,0.0640375491409856,0.350575574092835,1.98934917340865,0.672349118993189,0.130428891077841,-0.564579440699412,-0.453057750996327,0.0330936883379852,-0.103448948255286
23.8333333333333,0,0,0,0,0,0,0.3,1000,0,-25,0,0.262158502373538,-0.037537128338128,1.43491173822996,-0.012752819282279,-1.04919569020632,-0.0285472849768734,1.1095901639524,0.62467720085941,-0.0069793506107807,0.0456979257232576,1.17686076707989,-0.0161994917083692,-0.0233072990446503,-0.031296978688089,-6.53439174991277e-05,0.026591901367487,-1.34682662672317,3.00824243007836,0.232564809410098,0.0525058555128727,-1.26669872142819,-0.0984891744429395,0.0764575026393488,-0.142225307707133,2.90178273556929,3.41914010036806,-0.039179034458936,0.0162150698699929,3.93067071214929,-0.0994433050357576,-0.0313546264307796,0.0801667602767786,0.00197329689255454,0.016510673956048,-0.0368372929462034,-0.323365130471571,0.0267579474665068,0.159413487086939,0.134684452274426,0.0308005913487487,0.0285317386347801,-2.31843664586728,2.15244543119105,0.0999904824339204,-0.0611433568953149,-5.98661940438036,0.160016216497362,0.0723587957396354,-0.111338035968522,-0.00319951646510219,0.0372177756247441,-0.544011573290551,1.98934917340865,0.204844965836462,0.0854154230890104,-1.17465985308015,-0.0850337729268666,0.0614236710255733,-0.115650279738991
25,0,0,0,0,0,0,0.3,1000,0,-25,0,0.287050606251991,-0.0416391095091995,1.49821217068372,-0.0123465533000256,-1.09685119132247,-0.0301344019382436,1.15847938575331,0.655934455905355,-0.231402589305763,0.0242889799898501,1.23001527401088,0.124717722245107,-0.0182300603551733,-0.0278340496023821,9.57275142488001e-05,0.0277568359653702,-1.85059857465926,3.00824243007836,0.0923788407570299,0.0319856359400123,-1.24565378505313,-0.0200381734249966,0.0839221335801471,-0.13995096764842,2.84855694550279,3.42353913771394,1.21396849151578,0.127716008859728,3.92358004421012,-0.907633566991108,-0.0558775199976935,0.080139365050691,0.00382553041688993,0.0172944371315542,-0.4364204904664,-0.350153018573865,0.0294821886247249,0.447004803241947,0.132334019366676,0.0307184452809361,0.0268229826940782,-2.30407821820933,2.15244543119105,-0.400458901210765,-0.110209463721025,-5.99119041053479,0.478792378526616,0.0842395227662607,-0.114601042282558,-0.0039310663080272,0.0346371496324355,0.465504923864365,1.98934917340865,0.234274103087653,0.0751850435808072,-2.08439147935243,-0.0575791286366867,0.0637210902390203,-0.110973453465307
-10,0,0,0,0,0,0,0.3,1000,0,-23.3333333333333,0,0.0497581677514469,-0.024155625311301,-0.581081527892122,-0.0162504451412344,0.405094627596052,-0.015472603026969,-0.438895664945094,-0.287847021173582,-0.0703051564285989,-0.0613919925900919,-0.531817622521129,-0.145726304683765,0.0737561336797143,-0.0456258178564706,-0.00897013080335129,0.0538469346095596,-1.06704766162181,3.01179606676507,0.0714045278395245,0.0866694536334826,-1.11223217276179,0.146577616525062,0.0493105080770495,-0.251630520577209,3.35742570952369,3.36151016850651,0.40213124051891,0.420365832383717,3.95600204212377,0.597774072921646,-0.362660990516073,-0.0444198148408237,0.0359424717655266,-0.00251145274684367,0.127428341080878,-0.285046154288422,0.00965107504424008,0.134360979046978,0.115552260930157,0.0322040635121479,0.0496220519918128,-2.3625198877858,2.13201151744066,-0.602886315572149,-0.599326068183522,-5.89248634358005,-0.863693857405973,0.525393407708186,0.0550080793998431,-0.0577637077642246,0.0584881875934085,-0.573981643634154,1.9962188689768,0.194469904253691,0.115983279692666,-0.590045152006573,-0.0202507127740163,0.0297520501236527,-0.193969517947173
-8.83333333333333,0,0,0,0,0,0,0.3,1000,0,-23.3333333333333,0,0.0417258819519049,-0.0232546183230614,-0.515276527747021,-0.0166530803893993,0.361775918641156,-0.0181608521138116,-0.383422302150174,-0.271963187620425,0.093776889655145,-0.0029188817327214,-0.473899210101515,-0.0957926694569604,0.00686465771601585,-0.0500289664883552,-0.00359749770244278,0.034761764971282,-0.440151336225311,3.01179606676507,0.0386725387390928,0.0724532319028813,-1.41954031012348,0.0995209010242609,0.048169863181291,-0.242936424251494,3.3845045165648,3.35849694330228,-0.242621085332351,0.0459017767746863,3.93820320588183,0.161607030677813,0.000966893773934885,-0.0223288063061489,0.00933506307698728,-0.00371216072728164,0.0880825706164184,-0.307787469472712,0.0107170555978925,0.108076704657069,0.137459543145813,0.0337216589015032,0.0472641894614517,-2.3729183792609,2.13201151744066,0.408260509297542,-0.0755373590962244,-5.84915939046008,-0.275271074989403,0.00213430781159651,0.0236676582165973,-0.0184534897262889,0.046918629559925,-0.143105086185952,1.9962188689768,-0.00531749754443471,0.100603204506655,-1.13767772006191,0.0927402743962358,0.036800513649668,-0.197479236200108
-7.66666666666667,0,0,0,0,0,0,0.3,1000,0,-23.3333333333333,0,0.0341271777898908,-0.0244340140524403,-0.446341504522202,-0.0163575918913997,0.314792141739424,-0.0187143711531987,-0.327116151207438,-0.256613713483963,-0.00987678402078473,0.0498759030457912,-0.418751097432439,0.0446437083654765,-0.0244875593159721,-0.0513394945054341,-0.00167755611887865,0.035217795980938,-1.02941464373025,3.01179606676507,0.0949321890231421,0.0716125012391032,-1.06075933101711,0.13708480196075,0.0520003085480863,-0.242412775803801,3.41827602061862,3.35619170335819,-0.0418804703461451,-0.0311922389636749,3.92834543647393,-0.0757427907963963,0.0334867993323495,-0.0178028628639026,0.00694687579516629,-0.00564355098646441,0.134442631423565,-0.306964107967684,0.0111629362438948,0.0876689154318212,0.133481935125704,0.0340201228376039,0.0468180159140033,-2.39782616825557,2.13201151744066,0.0498528006731558,0.073276635465856,-5.82620113503636,0.164003652342123,-0.0620748478330491,0.0175325077306221,-0.0137067861361029,0.0472928806049752,-0.639567938589443,1.9962188689768,0.0681940722496192,0.0988546834702618,-0.796751336745642,0.101391685990715,0.0390148098797921,-0.195845304338041
-6.5,0,0,0,0,0,0,0.3,1000,0,-23.3333333333333,0,0.0276601760258669,-0.0181744593446119,-0.379102401966235,-0.0164284349189995,0.271577708624844,-0.0138092706039144,-0.270761967024954,-0.24473608707343,-0.265250258141975,0.120511320876855,-0.358157014019022,0.284450770055758,-0.0614886113124713,-0.0527759674833275,0.000486414749797937,0.0414504658017428,-1.62916076269521,3.01179606676507,0.486068714907381,0.0899895128507598,-0.00527228428936125,-0.159703187885378,0.0384727367335608,-0.220702883189303,3.45860988544777,3.35428228549919,0.312628111604485,-0.174320761543352,3.90744360741312,-0.512577181850541,0.120531677033076,-0.00952716104563045,0.0017031428811709,-0.00848488523143287,0.148304637407615,-0.325882466664145,0.0145803450378637,0.0467679333649866,0.147342029270907,0.0351919995438335,0.0451690528502358,-2.44057555485622,2.13201151744066,-0.707975914325254,0.360089737730095,-5.77233015260851,1.06588832877127,-0.234453004043789,0.00371050404568418,-0.00315235550774062,0.0528031396608911,-0.9988025322317,1.9962188689768,0.369220883647635,0.111889568006028,-0.0322955710283225,-0.131933113641305,0.0285871659408236,-0.17850274822909
-5.33333333333333,0,0,0,0,0,0,0.3,1000,0,-23.3333333333333,0,0.0215531139600667,-0.0236042924018671,-0.310219440352174,-0.0159580833302362,0.2256127055643,-0.0179163503964916,-0.214129584265796,-0.232976322727044,0.0101113516120382,0.0261409620982941,-0.311954764910914,-0.0189070275930282,-0.00159689331060558,-0.0497032007184053,-0.00247701632691277,0.0277188820710372,-1.39636330379351,3.01179606676507,0.143144728259136,0.0792994970682011,-0.744864423816406,0.103339188980631,0.0533233438304928,-0.232041593520409,3.52705993867275,3.35328735261173,0.0171426753869941,-0.0159822508522357,3.8778559969634,-0.110850740568947,0.01787359733052,-0.0125584026439141,0.00676781664599169,-0.0134161415307754,0.123507786705009,-0.307847445227658,0.0196424606746167,0.0887835619094727,0.135492601556035,0.0354583966566055,0.04496319814834,-2.54270436855969,2.13201151744066,-0.0240424820255325,0.0320337566927077,-5.71172977532665,0.195292164298454,-0.0250879856816821,0.0126141763537313,-0.0134097494688956,0.0433104623464783,-0.823151657481681,1.9962188689768,0.117751994095297,0.100649905300119,-0.592023800714284,0.0626006096015458,0.039809902849311,-0.186721527959469
-4.16666666666667,0,0,0,0,0,0,0.3,1000,0,-23.3333333333333,0,0.0182589674160009,-0.0250339063666425,-0.234899851952771,-0.0166012528266769,0.166381310040879,-0.0185368707059197,-0.159397855472379,-0.260426255563762,0.0254987193591683,0.0553794463287459,-0.23971488617811,0.0347788929765658,-0.0365433595839876,-0.0536801787614019,-0.000547699640536525,0.0277268200348998,-1.54637181294177,3.01179606676507,0.075605674020828,0.0715848355863538,-0.785038003982369,0.143207968384441,0.0565663803881594,-0.230595977711197,3.50763541995092,3.35035862011199,0.0326158440691615,-0.00721818933285852,3.91704645824414,-0.103675509492142,0.00366791443190406,-0.0085588228121436,0.00708511570385317,-0.0074508245884175,0.128471836583419,-0.302034250849032,0.017092900884709,0.0923464170894227,0.133062288660418,0.0357511799196561,0.0442497333578637,-2.46054789365707,2.13201151744066,-0.0498161495260385,0.0185414620065267,-5.79718337413444,0.184338636395736,-0.00392409819027772,0.00677165491957954,-0.0137579793652032,0.0420408999965774,-0.840010381142932,1.9962188689768,0.0667193104879111,0.0971600153961262,-0.670670535625216,0.0838481009812764,0.041346322996183,-0.184826729044546
-3,0,0,0,0,0,0,0.3,1000,0,-23.3333333333333,0,0.015013248333766,-0.0265125639833514,-0.16114393808421,-0.016920063771809,0.111112301058761,-0.020572677359031,-0.115318295755718,-0.311986063239033,-0.24433152624799,0.0177170974644488,-0.165837037703827,0.0542217134218389,0.039425112143051,-0.0515391844217727,-0.00521650019864178,0.0216479892495638,-5.94175209575325,3.01179606676507,0.639898714194132,0.0728185434553681,2.12086525412761,0.13202800327048,0.058838918854387,-0.234598573432068,3.51329034362663,3.34868655603702,0.724593099135085,0.0112127591552408,3.91611954687695,-0.388453274133672,-0.102651197347314,-0.00869378824458478,0.013150704737952,-0.00489566166956418,0.42208271244782,-0.34465689701097,0.0181522612093934,-0.105139107521587,0.138084560864227,0.0358847101485094,0.0438210917875353,-2.44459339121428,2.13201151744066,-1.56747599751622,-0.0394293764090402,-5.793544238918,0.771722248153939,0.238529205670718,0.0114066107979871,-0.0279267184483123,0.0348846554160814,-4.44689216664559,1.9962188689768,0.467674033481795,0.0985780762732549,1.60756863071757,0.119801466075091,0.0454011877082036,-0.190932182678218
-1.83333333333333,0,0,0,0,0,0,0.3,1000,0,-23.3333333333333,0,0.0147398938878042,-0.0164722791200476,-0.0921438387802812,-0.0176609650558719,0.0666737568303059,-0.0121626020607727,-0.070115815901748,-0.535089753434431,-0.124994190605198,0.100832800183401,-0.096032172015996,0.198901003233527,-0.0712151439960507,-0.0586367813853843,0.00121294429901095,0.0456732904808438,-1.43332072214473,3.01179606676507,0.476706335261473,0.0993573466184472,0.221507632814503,-0.297111804474677,0.0348262326992435,-0.195688690628644,3.51066659605395,3.34501892271001,0.238819175349264,-0.143699820700758,3.93054377109388,-0.552338821818806,0.116763553668631,0.00688947147220453,-0.000587892683562297,-0.00218429075656695,0.0852497054764159,-0.320630944001123,0.016762868326853,0.0622397535898013,0.1583073636836,0.0373357133053726,0.0410408033277299,-2.42292533127741,2.13201151744066,-0.52421368471306,0.295961433360909,-5.81412609045965,1.12249555793124,-0.236355677713657,-0.0190871206140475,0.00167882611215586,0.0542131466561846,-1.11286641000541,1.9962188689768,0.398537725046637,0.123021736663465,0.308506524317104,-0.24430661139916,0.0255552536645477,-0.159244337365402
-0.666666666666666,0,0,0,0,0,0,0.3,1000,0,-23.3333333333333,0,0.0128018849759938,-0.0253379814198594,-0.0169349196139441,-0.0171012303877693,0.0104086058538383,-0.0187694308004616,-0.00733758030264584,-2.51832042393017,0.0012225917716234,0.0486060752883691,-0.0184207957893887,0.0094284187443395,-0.0214056896176602,-0.0551309846598402,-0.00119115311643728,0.0242467778590813,-0.878802344710661,3.01179606676507,0.116614541264834,0.0640033794888138,-1.05270365117095,0.113090467683194,0.0551928307639116,-0.212733577144089,3.45411235100526,3.33134956464491,-0.117597483980242,-0.0154676364903947,3.94394573833784,-0.0448261028921086,-0.0252357650166318,0.00438014992283631,0.0055141002584802,-0.00457348402593816,0.0888283735034356,-0.308272585137591,0.0106847647621678,0.105540958888299,0.136942455070746,0.0364651960663154,0.0412858953396586,-2.33716952247122,2.13201151744066,0.215901041067772,0.0213834252061014,-5.83832474902261,0.0805129998592588,0.050566392426378,-0.0110407284646327,-0.0107364962974657,0.0362737540375926,-0.395916373686252,1.9962188689768,0.0919520592228804,0.0936296072469186,-0.850272546405228,0.0670175516705521,0.0407066114388802,-0.171411829600621
0.5,0,0,0,0,0,0,0.3,1000,0,-23.3333333333333,0,0.0133232994905874,-0.0273737548543951,0.0530292060470648,-0.0172183293869455,-0.0372993058903449,-0.020254259202589,0.0439593136621758,0.842473554594837,0.0109748569102411,0.0432882115295488,0.0325254919520707,0.00331136401348025,-0.0185797096297763,-0.0559013241665032,-0.00101272139330782,0.0338780407445685,-0.846792273769166,3.01179606676507,-0.0192836516111455,0.061622357785549,-1.15536755463303,0.16589287832592,0.060043123556279,-0.210970925174844,3.48127430679516,3.35320119069418,-0.0519308936086649,0.0205006614396186,3.97425439009046,-0.0737773309167967,-0.0386103647577463,0.00713902405712064,0.00590084314994188,0.00406605852459885,0.058802127083854,-0.295368727278407,0.0118953892786395,0.124610814781496,0.134770925665113,0.0362309084101994,0.0404069121519648,-2.38013806933543,2.13201151744066,0.0884952708320869,-0.0416586929939405,-5.88170602652361,0.133826760815691,0.0772286680147949,-0.0137291568951675,-0.0114561759315124,0.0419926945653681,-0.385291946114405,1.9962188689768,0.00187526334747975,0.0916982981184385,-0.920918925915433,0.102903177424812,0.0445088785884507,-0.169781660631051
1.66666666666667,0,0,0,0,0,0,0.3,1000,0,-23.3333333333333,0,0.0146992514035233,-0.0300738398363351,0.125277519071362,-0.016983654372484,-0.0885043638679833,-0.0222230295261005,0.0898188583274215,0.393115272922368,-0.0556747317928367,0.0460904701019346,0.0913306675339352,0.0438056090663155,-0.015974304288912,-0.0560670374320608,-0.000842883110304532,0.0383978851614675,-0.752771596804098,3.01179606676507,-0.147408236480664,0.0561414229597836,-1.43152904689318,0.257515887196608,0.0663894989183164,-0.21157545402252,3.51882183301983,3.35040912960854,0.0137298134322839,0.0274410487338795,3.95040384420173,-0.0911530543860106,-0.0548625024496263,0.00997980711653357,0.00627047132911729,0.00721427728181401,0.0427007126304127,-0.291737040588566,0.0111969593076666,0.144144143917291,0.130104069784587,0.0358565948734707,0.0397154786743389,-2.44473016943372,2.13201151744066,-0.0428964059255577,-0.0548483481982624,-5.83846354708858,0.169473067056557,0.106446362719975,-0.016663631684094,-0.0121326770671781,0.0462281518349289,-0.250625931661579,1.9962188689768,-0.0743786676819428,0.0887228958264925,-1.16387871707712,0.166309302839125,0.049211172421966,-0.169659390132117
2.83333333333333,0,0,0,0,0,0,0.3,1000,0,-23.3333333333333,0,0.0173288803574922,-0.0510090401633519,0.199477671612761,-0.0158125451860982,-0.143868876355276,-0.0382516324511723,0.13887533440414,0.291030500063676,-0.177141577423282,0.0758768840916738,0.159204765172684,0.271295359500546,-0.0670901999989468,-0.0574623690751536,0.00109058107478771,0.0334383029098467,6.54748532367667,3.01179606676507,-0.839919009486461,-0.00739303974117435,-8.47290487428614,1.23384709874587,0.115204154533463,-0.245328135629191,3.52196892107304,3.35013488023186,-0.733702193512487,0.0996765417926928,3.96106431150131,0.595790972198698,-0.148993387805996,0.00843549696177837,0.0102621696554395,0.0113629359064712,-0.491696679979642,-0.235806022879005,0.0140723674294107,0.594551114515907,0.0847182290918125,0.0336458934110592,0.0402068284043045,-2.47320893249137,2.13201151744066,1.34704122886159,-0.201594005218076,-5.86199765271452,-1.11919811773438,0.285560899685178,-0.0111494040730409,-0.0202507017038611,0.0452643361167904,5.1976931686392,1.9962188689768,-0.626350885542383,0.0409389161371344,-6.45807727637453,0.913047088221541,0.0865813805515231,-0.195567936326704
4,0,0,0,0,0,0,0.3,1000,0,-23.3333333333333,0,0.0186196270963918,-0.0251079732179509,0.269745661635381,-0.0166794056376672,-0.192193919749596,-0.0176287359013886,0.189551473613811,0.231408210124307,-0.104926567479763,-0.0734464672059408,0.218160866242918,-0.189610437984591,0.101418278697536,-0.0479307145477559,-0.00548315652014464,0.0442712458076366,-0.89363943572715,3.01179606676507,0.187942231516473,0.062292153912861,-0.836524868085742,0.010386125301326,0.0563089678825429,-0.191453870666998,3.51080959325012,3.35244956435977,0.0114545259105592,0.0541959621675663,3.95427426916844,-0.0481993588480165,-0.0843455937615811,0.0161886995175831,0.00647445201507058,0.0119899844346072,0.0909629085703301,-0.304116005764382,0.0106883828563541,0.0846310830585395,0.141278030376286,0.0362571813944043,0.037480439388192,-2.47845014131415,2.13201151744066,-0.0450983895070034,-0.110677571402902,-5.84911697767851,0.091649331264308,0.161344762922566,-0.0237959298993173,-0.0124028127149178,0.0531325819261297,-0.432094767080296,1.9962188689768,0.189661480858111,0.093372327053088,-0.586162391688797,-0.0540452248104506,0.0399490622084511,-0.152456002829662
