<?xml version="1.0" encoding="utf-8"?>
<GraphicalInterface>
  <P Name="NumRootInports">4</P>
  <Inport Name="delta_e">
    <P Name="BusObject"/>
    <P Name="OutputFunctionCall">off</P>
    <P Name="InportServerType">off</P>
    <P Name="SampleTime">-1</P>
    <P Name="UnitExpr">inherit</P>
  </Inport>
  <Inport Name="delta_a">
    <P Name="BusObject"/>
    <P Name="OutputFunctionCall">off</P>
    <P Name="InportServerType">off</P>
    <P Name="SampleTime">-1</P>
    <P Name="UnitExpr">inherit</P>
  </Inport>
  <Inport Name="delta_r">
    <P Name="BusObject"/>
    <P Name="OutputFunctionCall">off</P>
    <P Name="InportServerType">off</P>
    <P Name="SampleTime">-1</P>
    <P Name="UnitExpr">inherit</P>
  </Inport>
  <Inport Name="Tcom">
    <P Name="BusObject"/>
    <P Name="OutputFunctionCall">off</P>
    <P Name="InportServerType">off</P>
    <P Name="SampleTime">-1</P>
    <P Name="UnitExpr">inherit</P>
  </Inport>
  <P Name="NumRootOutports">8</P>
  <Outport Name="e1e2e3">
    <P Name="BusObject"/>
    <P Name="BusOutputAsStruct">off</P>
    <P Name="UnitExpr">inherit</P>
    <P Name="OutportClientType">off</P>
  </Outport>
  <Outport Name="uvw">
    <P Name="BusObject"/>
    <P Name="BusOutputAsStruct">off</P>
    <P Name="UnitExpr">inherit</P>
    <P Name="OutportClientType">off</P>
  </Outport>
  <Outport Name="pqr">
    <P Name="BusObject"/>
    <P Name="BusOutputAsStruct">off</P>
    <P Name="UnitExpr">inherit</P>
    <P Name="OutportClientType">off</P>
  </Outport>
  <Outport Name="xEyEzE">
    <P Name="BusObject"/>
    <P Name="BusOutputAsStruct">off</P>
    <P Name="UnitExpr">inherit</P>
    <P Name="OutportClientType">off</P>
  </Outport>
  <Outport Name="M">
    <P Name="BusObject"/>
    <P Name="BusOutputAsStruct">off</P>
    <P Name="UnitExpr">inherit</P>
    <P Name="OutportClientType">off</P>
  </Outport>
  <Outport Name="alpha">
    <P Name="BusObject"/>
    <P Name="BusOutputAsStruct">off</P>
    <P Name="UnitExpr">inherit</P>
    <P Name="OutportClientType">off</P>
  </Outport>
  <Outport Name="beta">
    <P Name="BusObject"/>
    <P Name="BusOutputAsStruct">off</P>
    <P Name="UnitExpr">inherit</P>
    <P Name="OutportClientType">off</P>
  </Outport>
  <Outport Name="Va">
    <P Name="BusObject"/>
    <P Name="BusOutputAsStruct">off</P>
    <P Name="UnitExpr">inherit</P>
    <P Name="OutportClientType">off</P>
  </Outport>
  <P Name="ParameterArgumentNames"/>
  <P Name="NumModelReferences">0</P>
  <P Name="NumTestPointedSignals">0</P>
  <P Name="NumProvidedFunctions">0</P>
  <P Name="NumRequiredFunctions">0</P>
  <P Name="NumResetEvents">0</P>
  <P Name="HasInitializeEvent">0</P>
  <P Name="HasTerminateEvent">0</P>
  <P Name="NumDataStoreReferences">0</P>
  <P Name="PreCompExecutionDomainType">Unset</P>
  <P Name="UseModelRefSolver">0</P>
  <P Name="SolverName">VariableStepAuto</P>
  <P Name="IsExportFunctionModel">0</P>
  <P Name="SimulinkSubDomainType">Simulink</P>
  <P Name="NumParameterArguments">0</P>
  <P Name="NumExternalFileReferences">8</P>
  <ExternalFileReference>
    <P Name="Reference">shared6dof/6DOF (Euler Angles)</P>
    <P Name="Path">$bdroot/Nonlinear 6DOF Redspot Plant V1/6DOF (Euler Angles)</P>
    <P Name="SID">330</P>
    <P Name="Type">LIBRARY_BLOCK</P>
  </ExternalFileReference>
  <ExternalFileReference>
    <P Name="Reference">aerolibfltsims/FlightGear
Preconfigured
6DoF Animation</P>
    <P Name="Path">$bdroot/Nonlinear 6DOF Redspot Plant V1/FlightGear Preconfigured 6DoF Animation</P>
    <P Name="SID">313</P>
    <P Name="Type">LIBRARY_BLOCK</P>
  </ExternalFileReference>
  <ExternalFileReference>
    <P Name="Reference">aerolibfltsims/Generate
Run Script</P>
    <P Name="Path">$bdroot/Nonlinear 6DOF Redspot Plant V1/Generate Run Script</P>
    <P Name="SID">314</P>
    <P Name="Type">LIBRARY_BLOCK</P>
  </ExternalFileReference>
  <ExternalFileReference>
    <P Name="Reference">aerolibatmos2/ISA Atmosphere Model</P>
    <P Name="Path">$bdroot/Nonlinear 6DOF Redspot Plant V1/ISA Atmosphere Model</P>
    <P Name="SID">62</P>
    <P Name="Type">LIBRARY_BLOCK</P>
  </ExternalFileReference>
  <ExternalFileReference>
    <P Name="Reference">aerolibasang/Incidence, Sideslip,
&amp; Airspeed</P>
    <P Name="Path">$bdroot/Nonlinear 6DOF Redspot Plant V1/Incidence, Sideslip, &amp; Airspeed</P>
    <P Name="SID">57</P>
    <P Name="Type">LIBRARY_BLOCK</P>
  </ExternalFileReference>
  <ExternalFileReference>
    <P Name="Reference">vrlib/Joystick Input</P>
    <P Name="Path">$bdroot/Nonlinear 6DOF Redspot Plant V1/Logitech 3D Pro Redspot Joystick/Joystick Input</P>
    <P Name="SID">237</P>
    <P Name="Type">LIBRARY_BLOCK</P>
  </ExternalFileReference>
  <ExternalFileReference>
    <P Name="Reference">aerolibasang/Mach Number</P>
    <P Name="Path">$bdroot/Nonlinear 6DOF Redspot Plant V1/Mach Number</P>
    <P Name="SID">75</P>
    <P Name="Type">LIBRARY_BLOCK</P>
  </ExternalFileReference>
  <ExternalFileReference>
    <P Name="Reference">aerolibtransform2/Flat Earth to LLA</P>
    <P Name="Path">$bdroot/Nonlinear 6DOF Redspot Plant V1/Navigational Equations/Flat Earth to LLA</P>
    <P Name="SID">315</P>
    <P Name="Type">LIBRARY_BLOCK</P>
  </ExternalFileReference>
  <P Name="OrderedModelArguments">1</P>
</GraphicalInterface>
