<?xml version="1.0" encoding="UTF-8"?>
<sltp_graph version="1.1" packageUris="http://schema.mathworks.com/mf0/sltp_mm/R2023a_202209151115">
  <sltp.mm.core.Context type="sltp.mm.core.Context" uuid="9163d92d-0590-41fc-b13d-3bf36253804b">
    <globalData type="sltp.mm.core.GlobalData" uuid="531a3323-ff3b-4bdb-99d1-a736837cc234">
      <dataName>portInput</dataName>
      <type>RootInport</type>
    </globalData>
    <globalData type="sltp.mm.core.GlobalData" uuid="43d408e5-674c-4c9b-8f9b-41edbfb57f68">
      <dataName>portInput1</dataName>
      <type>RootInport</type>
    </globalData>
    <globalData type="sltp.mm.core.GlobalData" uuid="b6859de8-b9ce-41a2-8474-b98c3958d3ff">
      <dataName>portInput2</dataName>
      <type>RootInport</type>
    </globalData>
    <globalData type="sltp.mm.core.GlobalData" uuid="7a8d206a-9a70-404f-aec5-d9e3ea9772ca">
      <dataName>portInput3</dataName>
      <type>RootInport</type>
    </globalData>
    <globalData type="sltp.mm.core.GlobalData" uuid="e08e01d3-8911-409b-bb9b-b905f6d8b9ff">
      <dataName>portM</dataName>
      <type>RootOutport</type>
    </globalData>
    <globalData type="sltp.mm.core.GlobalData" uuid="85e577a4-13da-41f0-a3ee-13d801a1c669">
      <dataName>portOutput</dataName>
      <type>RootOutport</type>
    </globalData>
    <globalData type="sltp.mm.core.GlobalData" uuid="498aa789-a2a2-4054-b53a-d49528d7c8a1">
      <dataName>portOutput1</dataName>
      <type>RootOutport</type>
    </globalData>
    <globalData type="sltp.mm.core.GlobalData" uuid="b619eccf-6ad6-4dc1-9223-41a4122c7f29">
      <dataName>portOutput2</dataName>
      <type>RootOutport</type>
    </globalData>
    <globalData type="sltp.mm.core.GlobalData" uuid="dbc09a76-eef7-4aff-a6f6-ea0cbcbad651">
      <dataName>portOutput3</dataName>
      <type>RootOutport</type>
    </globalData>
    <globalData type="sltp.mm.core.GlobalData" uuid="2995c3d9-73b2-4e70-bdda-88c69ae38624">
      <dataName>portOutput4</dataName>
      <type>RootOutport</type>
    </globalData>
    <globalData type="sltp.mm.core.GlobalData" uuid="7259b5cb-7170-464e-b0bb-ea6b9728991f">
      <dataName>portOutput5</dataName>
      <type>RootOutport</type>
    </globalData>
    <globalData type="sltp.mm.core.GlobalData" uuid="54aa4e0a-7b59-40bd-ab51-100159b7254b">
      <dataName>portOutput6</dataName>
      <type>RootOutport</type>
    </globalData>
    <globalData type="sltp.mm.core.GlobalData" uuid="f07e34ec-0d61-4a8c-b4e0-bd252812dfb3">
      <dataName>portOutput7</dataName>
      <type>RootOutport</type>
    </globalData>
    <globalData type="sltp.mm.core.GlobalData" uuid="20f8cf30-8779-46f3-a606-003f0adf0412">
      <dataName>portTcom</dataName>
      <type>RootInport</type>
    </globalData>
    <globalData type="sltp.mm.core.GlobalData" uuid="3ab08bef-3a5b-409e-800a-80aa535e1600">
      <dataName>portVa</dataName>
      <type>RootOutport</type>
    </globalData>
    <globalData type="sltp.mm.core.GlobalData" uuid="a3207b98-01b1-4106-99f7-603a39d6960b">
      <dataName>portalpha</dataName>
      <type>RootOutport</type>
    </globalData>
    <globalData type="sltp.mm.core.GlobalData" uuid="cbbfad4e-5f96-47fd-9d0b-b0e9b93f731e">
      <dataName>portbeta</dataName>
      <type>RootOutport</type>
    </globalData>
    <globalData type="sltp.mm.core.GlobalData" uuid="6a3d0c66-258e-403f-8f6c-e5317602a357">
      <dataName>portdelta_a</dataName>
      <type>RootInport</type>
    </globalData>
    <globalData type="sltp.mm.core.GlobalData" uuid="ab09a2eb-cf54-4425-a453-577b9cd1379a">
      <dataName>portdelta_e</dataName>
      <type>RootInport</type>
    </globalData>
    <globalData type="sltp.mm.core.GlobalData" uuid="32f34c95-d5d9-4de2-a87d-b62eb136477e">
      <dataName>portdelta_r</dataName>
      <type>RootInport</type>
    </globalData>
    <globalData type="sltp.mm.core.GlobalData" uuid="0593d834-01bb-4b7b-b37b-061a9a72d48a">
      <dataName>porte1e2e3</dataName>
      <type>RootOutport</type>
    </globalData>
    <globalData type="sltp.mm.core.GlobalData" uuid="03a2b823-dfb5-4bc0-9fa2-04cb033e56e7">
      <dataName>portpqr</dataName>
      <type>RootOutport</type>
    </globalData>
    <globalData type="sltp.mm.core.GlobalData" uuid="03aea22c-1e91-489b-9ce4-3b83b4c26c2a">
      <dataName>portuvw</dataName>
      <type>RootOutport</type>
    </globalData>
    <globalData type="sltp.mm.core.GlobalData" uuid="69b70ccf-4b2e-47f2-9e92-c3cca213cc7e">
      <dataName>portxEyEzE</dataName>
      <type>RootOutport</type>
    </globalData>
    <priorityDirection>HighNumberLast</priorityDirection>
    <unusedTaskIds>1</unusedTaskIds>
    <defaultEventBehavior type="sltp.mm.core.EventBehavior" uuid="20acfb17-c6b5-4a78-9c36-261814a06c6d"/>
    <editorState type="sltp.mm.core.EditorState" uuid="ef1cfea2-484a-420d-ae76-3d2ab30b0402">
      <isSynchronized>true</isSynchronized>
      <panelState type="sltp.mm.core.EditorPanelState" uuid="0bb34eb9-3f07-403c-a299-ffd7020be893"/>
    </editorState>
    <rootTask type="sltp.mm.core.Task" uuid="59365742-cebd-49a8-88f4-2a1a60c73799">
      <context type="sltp.mm.core.Context" uuid="9163d92d-0590-41fc-b13d-3bf36253804b"/>
      <explicit>false</explicit>
      <name>Default</name>
      <priority>-2147483648</priority>
      <subgraph type="sltp.mm.core.Graph" uuid="8211f6f3-6456-4fdd-9fdd-6db8c05fb759">
        <tasks type="sltp.mm.core.Task" uuid="36aa4845-908e-423d-8544-9f5127e2bbe0">
          <baseTask>true</baseTask>
          <context type="sltp.mm.core.Context" uuid="9163d92d-0590-41fc-b13d-3bf36253804b"/>
          <explicit>false</explicit>
          <id>2</id>
          <isTimed>true</isTimed>
          <name>Cont</name>
          <priority>40</priority>
          <rates type="sltp.mm.core.Rate" uuid="1d1de707-d768-48ab-9a51-d5f3ab238d02">
            <annotation>Cont</annotation>
            <color>255</color>
            <hasBlocks>true</hasBlocks>
            <identifier>Continuous00</identifier>
            <rateIndex>0</rateIndex>
            <rateSpec type="sltp.mm.core.RateSpec">
              <period>0.0</period>
            </rateSpec>
            <sti>0</sti>
          </rates>
          <rates type="sltp.mm.core.Rate" uuid="181e0c42-7dd0-4097-afb9-fea9fe254eca">
            <annotation>FiM</annotation>
            <color>2105376255</color>
            <hasBlocks>true</hasBlocks>
            <rateIndex>1</rateIndex>
            <rateSpec type="sltp.mm.core.RateSpec">
              <offset>1.0</offset>
              <period>0.0</period>
            </rateSpec>
            <sti>1</sti>
          </rates>
          <rates type="sltp.mm.core.Rate" uuid="ff31030a-944e-45a1-8d8c-cbddd4d7966b">
            <annotation>D1</annotation>
            <color>-12240129</color>
            <hasBlocks>true</hasBlocks>
            <rateIndex>2</rateIndex>
            <rateSpec type="sltp.mm.core.RateSpec">
              <period>.03333333333333333</period>
            </rateSpec>
            <sti>2</sti>
          </rates>
        </tasks>
      </subgraph>
    </rootTask>
  </sltp.mm.core.Context>
</sltp_graph>