<?xml version="1.0" encoding="UTF-8"?>
<sltp_editor version="1.1" packageUris="http://schema.mathworks.com/mf0/DiagramEditor/R2019a_20181107 http://schema.mathworks.com/mf0/SltpSyntax/R2023b_202303220000">
  <sltp.mm.syntax.Context type="sltp.mm.syntax.Context" uuid="20dc8e00-e5db-4ba2-930d-fb200eb49fdc">
    <globalData type="sltp.mm.syntax.GlobalData" uuid="c0ba7d96-f769-4b20-adbe-41b36542289c">
      <dataName>portInput</dataName>
      <type>RootInport</type>
    </globalData>
    <globalData type="sltp.mm.syntax.GlobalData" uuid="c185db34-c638-4370-800a-f64321337974">
      <dataName>portInput1</dataName>
      <type>RootInport</type>
    </globalData>
    <globalData type="sltp.mm.syntax.GlobalData" uuid="02f03ce8-0d3d-4441-b92d-52d057ee2c1f">
      <dataName>portInput2</dataName>
      <type>RootInport</type>
    </globalData>
    <globalData type="sltp.mm.syntax.GlobalData" uuid="96856326-f865-43be-b0c2-44ffd10e38db">
      <dataName>portInput3</dataName>
      <type>RootInport</type>
    </globalData>
    <globalData type="sltp.mm.syntax.GlobalData" uuid="480973dd-ab0e-4089-8bcc-ff7a39cbb9df">
      <dataName>portM</dataName>
      <type>RootOutport</type>
    </globalData>
    <globalData type="sltp.mm.syntax.GlobalData" uuid="c7472038-84ea-46ad-bc49-19327203a60c">
      <dataName>portOutput</dataName>
      <type>RootOutport</type>
    </globalData>
    <globalData type="sltp.mm.syntax.GlobalData" uuid="65486eab-cff4-43ee-8276-e02e758c99b7">
      <dataName>portOutput1</dataName>
      <type>RootOutport</type>
    </globalData>
    <globalData type="sltp.mm.syntax.GlobalData" uuid="070f2415-0830-4940-ba2c-75d581ab292a">
      <dataName>portOutput2</dataName>
      <type>RootOutport</type>
    </globalData>
    <globalData type="sltp.mm.syntax.GlobalData" uuid="58de6698-dbec-478d-8a06-b4b45d0d46a0">
      <dataName>portOutput3</dataName>
      <type>RootOutport</type>
    </globalData>
    <globalData type="sltp.mm.syntax.GlobalData" uuid="65415abc-b955-431f-9ddf-dba0f18b0067">
      <dataName>portOutput4</dataName>
      <type>RootOutport</type>
    </globalData>
    <globalData type="sltp.mm.syntax.GlobalData" uuid="88201d27-0f12-417d-8af5-79794600d45c">
      <dataName>portOutput5</dataName>
      <type>RootOutport</type>
    </globalData>
    <globalData type="sltp.mm.syntax.GlobalData" uuid="a90e76e0-651e-48ef-8bd0-c0d4e7a0fe14">
      <dataName>portOutput6</dataName>
      <type>RootOutport</type>
    </globalData>
    <globalData type="sltp.mm.syntax.GlobalData" uuid="c14f7558-a7e6-4863-b390-db4ef78e21b0">
      <dataName>portOutput7</dataName>
      <type>RootOutport</type>
    </globalData>
    <globalData type="sltp.mm.syntax.GlobalData" uuid="93210c07-6187-4ebe-aac7-1067d6cf8051">
      <dataName>portTcom</dataName>
      <type>RootInport</type>
    </globalData>
    <globalData type="sltp.mm.syntax.GlobalData" uuid="66c09beb-ebdf-4642-b500-89af13469dfb">
      <dataName>portVa</dataName>
      <type>RootOutport</type>
    </globalData>
    <globalData type="sltp.mm.syntax.GlobalData" uuid="0a0560ea-65da-41d9-957f-0e2e51ad2b05">
      <dataName>portalpha</dataName>
      <type>RootOutport</type>
    </globalData>
    <globalData type="sltp.mm.syntax.GlobalData" uuid="cd03b909-3785-432f-87f6-d069867fdb12">
      <dataName>portbeta</dataName>
      <type>RootOutport</type>
    </globalData>
    <globalData type="sltp.mm.syntax.GlobalData" uuid="fb4e0ac1-7ef2-4cf3-a87e-8f1c274037ce">
      <dataName>portdelta_a</dataName>
      <type>RootInport</type>
    </globalData>
    <globalData type="sltp.mm.syntax.GlobalData" uuid="df3bab2b-4dc8-47cb-8499-3e8184926ea8">
      <dataName>portdelta_e</dataName>
      <type>RootInport</type>
    </globalData>
    <globalData type="sltp.mm.syntax.GlobalData" uuid="f86c8c9d-b05e-42cc-be57-46378b5d9877">
      <dataName>portdelta_r</dataName>
      <type>RootInport</type>
    </globalData>
    <globalData type="sltp.mm.syntax.GlobalData" uuid="6634c9e4-a513-4aa4-8691-840adb32c82f">
      <dataName>porte1e2e3</dataName>
      <type>RootOutport</type>
    </globalData>
    <globalData type="sltp.mm.syntax.GlobalData" uuid="3def993c-bad2-423f-b006-8e8fe83cc8a6">
      <dataName>portpqr</dataName>
      <type>RootOutport</type>
    </globalData>
    <globalData type="sltp.mm.syntax.GlobalData" uuid="0ca81a5d-f9e1-46b7-bb1c-c72de4e17ded">
      <dataName>portuvw</dataName>
      <type>RootOutport</type>
    </globalData>
    <globalData type="sltp.mm.syntax.GlobalData" uuid="29ea4385-b9d2-42b9-83af-7d79696220a5">
      <dataName>portxEyEzE</dataName>
      <type>RootOutport</type>
    </globalData>
    <rootGraph type="sltp.mm.syntax.Graph" uuid="84c33d9c-247d-48a2-b7cd-264b26e58866">
      <children type="sltp.mm.syntax.Node" uuid="2bd9dc4c-4671-4a11-aafc-ce3d81853d7f">
        <priority>40</priority>
        <rates type="sltp.mm.syntax.RateData">
          <color>#000000</color>
          <hasBlocks>true</hasBlocks>
          <rate>0</rate>
          <title>Cont</title>
        </rates>
        <rates type="sltp.mm.syntax.RateData">
          <color>#7d7d7d</color>
          <hasBlocks>true</hasBlocks>
          <rate>[0, 1]</rate>
          <title>FiM</title>
        </rates>
        <rates type="sltp.mm.syntax.RateData">
          <color>#ff453a</color>
          <hasBlocks>true</hasBlocks>
          <rate>0.03333333333333333</rate>
          <title>D1</title>
        </rates>
        <title>Cont</title>
        <type>base</type>
        <diagramElement type="diagram.editor.model.Entity" uuid="d5cbbf85-3794-473b-9770-a8a2b134548f"/>
        <subgraph type="sltp.mm.syntax.Graph" uuid="28b7b47f-d6d2-45ae-8a53-a748ec9f067c">
          <title>Cont</title>
          <diagramElement type="diagram.editor.model.Diagram" uuid="e23d3777-506a-405d-897e-89a7459b625b"/>
        </subgraph>
      </children>
      <title>Default</title>
      <diagramElement type="diagram.editor.model.Diagram" uuid="7cbaad6a-f060-49fb-a3cb-a251878007c0"/>
    </rootGraph>
  </sltp.mm.syntax.Context>
  <diagram.editor.model.Diagram type="diagram.editor.model.Diagram" uuid="7cbaad6a-f060-49fb-a3cb-a251878007c0">
    <entities type="diagram.editor.model.Entity" uuid="d5cbbf85-3794-473b-9770-a8a2b134548f">
      <position>0,0</position>
      <size>0,0,0,0</size>
      <syntaxElement type="sltp.mm.syntax.Node" uuid="2bd9dc4c-4671-4a11-aafc-ce3d81853d7f"/>
      <title>Cont</title>
      <type>base</type>
      <subDiagram type="diagram.editor.model.Diagram" uuid="e23d3777-506a-405d-897e-89a7459b625b">
        <position>0,0</position>
        <syntaxElement type="sltp.mm.syntax.Graph" uuid="28b7b47f-d6d2-45ae-8a53-a748ec9f067c"/>
        <title>Cont</title>
        <type>graph.Graph</type>
      </subDiagram>
    </entities>
    <syntaxElement type="sltp.mm.syntax.Graph" uuid="84c33d9c-247d-48a2-b7cd-264b26e58866"/>
    <title>Default</title>
    <type>graph.Graph</type>
  </diagram.editor.model.Diagram>
</sltp_editor>